address,N_of_agg,row_inc,distance,bank,row,col,byteoffset,expected_value,flipped_value,hour,min,sec,hammering
0x2013a98ad8,6,2,2,1,2507,171,0,ff,fe,0,28,23,1
0x20339a98b0,6,2,2,0,2517,398,0,ff,f7,0,30,6,2
0x202c018f8d,6,2,2,0,1555,249,5,0,4,2,37,49,3
0x2003f49146,6,2,2,2,489,272,6,0,4,2,56,33,4
0x201b6d1ce5,6,2,2,3,3498,460,5,ff,fd,3,38,0,5
0x200c8b918d,6,2,2,0,1607,281,5,0,4,3,57,26,6
0x20339a98b0,6,2,2,0,2517,398,0,ff,f7,4,24,38,7
0x2013a98ad8,6,2,2,1,2507,171,0,ff,fe,4,25,42,8
0x200c8b918d,6,2,2,0,1607,281,5,0,4,4,35,16,9
0x202c018f8d,6,2,2,0,1555,249,5,0,4,4,40,0,10
0x2028ee4d59,6,2,2,0,1148,723,1,ff,fd,5,13,36,11
0x201b6d1ce5,6,2,2,3,3498,460,5,ff,fd,5,20,58,12
0x202355c53e,6,2,2,0,435,599,6,ff,df,5,23,30,13
0x202355c53e,6,2,2,0,435,599,6,ff,df,5,29,24,14
0x20198b850c,6,2,2,1,3271,81,4,0,80,5,37,24,15
0x201f560385,6,2,2,0,4004,56,5,0,4,5,43,1,16
0x202a11dbbe,6,2,2,1,1299,959,6,0,1,6,20,46,17
0x2031641143,6,2,2,1,2232,272,3,0,2,6,28,44,18
0x20198b850c,6,2,2,1,3271,81,4,0,80,6,37,8,19
0x2010df933c,6,2,2,1,2151,311,4,0,40,6,38,58,20
0x2003f49146,6,2,2,2,489,272,6,0,4,6,41,26,21
0x2031641143,6,2,2,1,2232,272,3,0,2,7,7,36,22
0x202c018f8d,6,2,2,0,1555,249,5,0,4,7,18,38,23
0x20163893f5,6,2,2,3,2825,318,5,0,1,7,21,56,24
0x202a11dbbe,6,2,2,1,1299,959,6,0,1,7,42,6,25
0x2031641143,6,2,2,1,2232,272,3,0,2,7,44,38,26
0x2031641143,6,2,2,1,2232,272,3,0,2,8,23,54,27
0x201f560385,6,2,2,0,4004,56,5,0,4,8,26,6,28
0x2031641143,6,2,2,1,2232,272,3,0,2,8,49,24,29
0x200cf4cb75,6,2,2,3,1641,694,5,ff,f7,9,12,50,30
0x20198b850c,6,2,2,1,3271,81,4,0,80,9,17,53,31
0x2031641143,6,2,2,1,2232,272,3,0,2,9,31,20,32
0x2003f49146,6,2,2,2,489,272,6,0,4,9,34,6,33
0x200c8b918d,6,2,2,0,1607,281,5,0,4,9,43,27,34
0x201f560385,6,2,2,0,4004,56,5,0,4,9,50,19,35
0x201b6d1ce5,6,2,2,3,3498,460,5,ff,fd,10,3,23,36
0x20198b850c,6,2,2,1,3271,81,4,0,80,10,38,10,37
0x202a11dbbe,6,2,2,1,1299,959,6,0,1,10,40,10,38
0x201b6d1ce5,6,2,2,3,3498,460,5,ff,fd,10,54,30,39
0x20163893f5,6,2,2,3,2825,318,5,0,1,11,42,51,40
0x200c8b918d,6,2,2,0,1607,281,5,0,4,12,43,25,41
0x200fefd1d0,6,2,2,1,2031,794,0,0,2,12,44,13,42
0x2013a98ad8,6,2,2,1,2507,171,0,ff,fe,12,51,49,43
0x201f560385,6,2,2,0,4004,56,5,0,4,13,12,53,44
0x201aef0ede,6,2,2,0,3438,235,6,ff,fb,13,40,52,45
0x2031641143,6,2,2,1,2232,272,3,0,2,14,53,15,46
0x20198b850c,6,2,2,1,3271,81,4,0,80,15,25,35,47
0x2031641143,6,2,2,1,2232,272,3,0,2,16,13,20,48
0x201aef0ede,6,2,2,0,3438,235,6,ff,fb,16,20,21,49
0x201b6d1ce5,6,2,2,3,3498,460,5,ff,fd,16,23,40,50
0x20163893f5,6,2,2,3,2825,318,5,0,1,17,0,5,51
0x2013a98ad8,6,2,2,1,2507,171,0,ff,fe,17,12,40,52
0x200cf4cb75,6,2,2,3,1641,694,5,ff,f7,18,9,37,53
0x202c018f8d,6,2,2,0,1555,249,5,0,4,18,38,49,54
0x200cf4cb75,6,2,2,3,1641,694,5,ff,f7,19,27,55,55
0x202355c53e,6,2,2,0,435,599,6,ff,df,19,34,27,56
0x201b6d1ce5,6,2,2,3,3498,460,5,ff,fd,19,41,40,57
0x202355c53e,6,2,2,0,435,599,6,ff,df,20,54,32,58
0x2029cf910e,6,2,2,1,1271,273,6,0,40,20,59,9,59
0x20240819bc,6,2,2,2,528,415,4,ff,bf,21,4,50,60
0x20248a1485,6,2,2,0,596,328,5,0,8,21,16,15,61
0x2016cfd58e,6,2,2,0,2919,857,6,ff,df,21,30,51,62
0x2016cfd58e,6,2,2,0,2919,857,6,ff,df,21,32,0,63
0x2016cfd58e,6,2,2,0,2919,857,6,ff,df,22,15,37,64
0x202c018f8d,6,2,2,0,1555,249,5,0,4,22,40,56,65
0x2029cf910e,6,2,2,1,1271,273,6,0,40,23,23,50,66
0x200cf4cb75,6,2,2,3,1641,694,5,ff,f7,23,37,47,67
0x201b6d1ce5,6,2,2,3,3498,460,5,ff,fd,23,43,24,68
0x2016cfd58e,6,2,2,0,2919,857,6,ff,df,23,51,1,69
0x201f560385,6,2,2,0,4004,56,5,0,4,24,31,18,70
0x200cf4cb75,6,2,2,3,1641,694,5,ff,f7,25,14,0,71
0x201f560385,6,2,2,0,4004,56,5,0,4,25,19,13,72
0x201b6d1ce5,6,2,2,3,3498,460,5,ff,fd,25,46,0,73
0x2023479fae,6,2,2,1,439,509,6,0,20,26,4,2,74
0x2029c75681,6,2,2,3,1270,872,1,0,4,26,12,26,75
0x20163893f5,6,2,2,3,2825,318,5,0,1,26,27,58,76
0x2016cfd58e,6,2,2,0,2919,857,6,ff,df,26,35,33,77
0x2029cf910e,6,2,2,1,1271,273,6,0,40,26,43,4,78
0x2029cf910e,6,2,2,1,1271,273,6,0,40,27,28,14,79
0x2029cf910e,6,2,2,1,1271,273,6,0,40,27,43,42,80
0x200cf4cb75,6,2,2,3,1641,694,5,ff,f7,28,0,11,81
0x2023479fae,6,2,2,1,439,509,6,0,20,28,1,33,82
0x201b6d1ce5,6,2,2,3,3498,460,5,ff,fd,29,5,49,83
0x200cf4cb75,6,2,2,3,1641,694,5,ff,f7,29,40,31,84
0x201f560385,6,2,2,0,4004,56,5,0,4,30,0,47,85
0x200cf4cb75,6,2,2,3,1641,694,5,ff,f7,30,19,14,86
0x2016cfd58e,6,2,2,0,2919,857,6,ff,df,30,21,25,87
0x2029cf910e,6,2,2,1,1271,273,6,0,40,31,26,11,88
0x2016cfd58e,6,2,2,0,2919,857,6,ff,df,31,39,45,89
0x2016cfd58e,6,2,2,0,2919,857,6,ff,df,32,32,25,90
0x2029cf910e,6,2,2,1,1271,273,6,0,40,33,28,30,91
0x201f560385,6,2,2,0,4004,56,5,0,4,33,42,24,92
0x20163893f5,6,2,2,3,2825,318,5,0,1,33,52,26,93
0x2031641143,6,2,2,1,2232,272,3,0,2,34,1,45,94
0x2023479fae,6,2,2,1,439,509,6,0,20,34,26,10,95
0x2029c75681,6,2,2,3,1270,872,1,0,4,34,36,29,96
0x200cf4cb75,6,2,2,3,1641,694,5,ff,f7,36,0,1,97
0x2023479fae,6,2,2,1,439,509,6,0,20,36,6,42,98
0x20248a1485,6,2,2,0,596,328,5,0,8,37,2,48,99
0x2029cf910e,6,2,2,1,1271,273,6,0,40,37,48,31,100
0x2029cf910e,6,2,2,1,1271,273,6,0,40,38,12,6,101
0x2010df933c,6,2,2,1,2151,311,4,0,40,38,27,43,102
0x2029cf910e,6,2,2,1,1271,273,6,0,40,39,27,21,103
0x202355c53e,6,2,2,0,435,599,6,ff,df,40,0,12,104
0x200c8b918d,6,2,2,0,1607,281,5,0,4,40,11,53,105
0x2016cfd58e,6,2,2,0,2919,857,6,ff,df,40,20,36,106
0x2016cfd58e,6,2,2,0,2919,857,6,ff,df,41,57,51,107
0x2029cf910e,6,2,2,1,1271,273,6,0,40,42,13,20,108
0x200c8b918d,6,2,2,0,1607,281,5,0,4,42,30,5,109
0x201b6d1ce5,6,2,2,3,3498,460,5,ff,fd,42,30,19,110
0x200c8b918d,6,2,2,0,1607,281,5,0,4,42,33,51,111
0x203929916b,6,2,2,3,3227,277,3,ff,fe,43,42,52,112
0x20339a98b0,6,2,2,0,2517,398,0,ff,f7,43,57,32,113
0x201b6d1ce5,6,2,2,3,3498,460,5,ff,fd,44,54,51,114
0x2007124814,6,2,2,0,900,642,4,ff,bf,45,10,23,115
0x2016cfd58e,6,2,2,0,2919,857,6,ff,df,46,0,55,116
0x201b6d1ce5,6,2,2,3,3498,460,5,ff,fd,46,11,58,117
0x2023479fae,6,2,2,1,439,509,6,0,20,46,52,14,118
0x20339a98b0,6,2,2,0,2517,398,0,ff,f7,47,24,1,119
0x2016cfd58e,6,2,2,0,2919,857,6,ff,df,47,46,40,120
0x201b6d1ce5,6,2,2,3,3498,460,5,ff,fd,48,13,53,121
0x2023479fae,6,2,2,1,439,509,6,0,20,48,31,54,122
0x2029cf910e,6,2,2,1,1271,273,6,0,40,48,33,42,123
0x20339a98b0,6,2,2,0,2517,398,0,ff,f7,48,40,47,124
0x2036f79bc8,6,2,2,3,2943,441,0,ff,7f,49,1,4,125
0x2023479fae,6,2,2,1,439,509,6,0,20,49,16,49,126
0x2016cfd58e,6,2,2,0,2919,857,6,ff,df,49,27,38,127
0x2029cf910e,6,2,2,1,1271,273,6,0,40,49,33,10,128
0x200cf4cb75,6,2,2,3,1641,694,5,ff,f7,49,39,10,129
0x2023479fae,6,2,2,1,439,509,6,0,20,49,53,25,130
0x2023479fae,6,2,2,1,439,509,6,0,20,50,58,39,131
0x202c018f8d,6,2,2,0,1555,249,5,0,4,52,31,8,132
0x201f560385,6,2,2,0,4004,56,5,0,4,52,45,58,133
0x2023479fae,6,2,2,1,439,509,6,0,20,53,29,53,134
0x2029cf910e,6,2,2,1,1271,273,6,0,40,53,54,34,135
0x201f560385,6,2,2,0,4004,56,5,0,4,54,0,5,136
0x20257f54d6,6,2,2,2,702,842,6,0,2,54,0,12,137
0x2023479fae,6,2,2,1,439,509,6,0,20,54,32,52,138
0x2036f79bc8,6,2,2,3,2943,441,0,ff,7f,55,49,57,139
0x2007124814,6,2,2,0,900,642,4,ff,bf,56,34,29,140
0x200c8b918d,6,2,2,0,1607,281,5,0,4,57,34,58,141
0x201f560385,6,2,2,0,4004,56,5,0,4,57,41,53,142
0x2029cf910e,6,2,2,1,1271,273,6,0,40,57,58,59,143
0x200c8b918d,6,2,2,0,1607,281,5,0,4,58,36,5,144
0x202c018f8d,6,2,2,0,1555,249,5,0,4,58,39,44,145
0x200c8b918d,6,2,2,0,1607,281,5,0,4,59,37,8,146
0x2029cf910e,6,2,2,1,1271,273,6,0,40,60,20,35,147
0x2016cfd58e,6,2,2,0,2919,857,6,ff,df,60,28,29,148
0x2029cf910e,6,2,2,1,1271,273,6,0,40,60,56,54,149
0x20163893f5,6,2,2,3,2825,318,5,0,1,61,15,37,150
0x2036f79bc8,6,2,2,3,2943,441,0,ff,7f,61,28,46,151
0x201f560385,6,2,2,0,4004,56,5,0,4,61,45,1,152
0x20240819bc,6,2,2,2,528,415,4,ff,bf,62,40,3,153
0x20163893f5,6,2,2,3,2825,318,5,0,1,62,40,14,154
0x202c018f8d,6,2,2,0,1555,249,5,0,4,62,40,28,155
0x200cf4cb75,6,2,2,3,1641,694,5,ff,f7,62,52,49,156
0x20240819bc,6,2,2,2,528,415,4,ff,bf,63,17,56,157
0x201f560385,6,2,2,0,4004,56,5,0,4,63,23,27,158
0x2016cfd58e,6,2,2,0,2919,857,6,ff,df,63,52,56,159
0x201f560385,6,2,2,0,4004,56,5,0,4,64,8,8,160
0x201b6d1ce5,6,2,2,3,3498,460,5,ff,fd,64,43,42,161
0x2023479fae,6,2,2,1,439,509,6,0,20,65,16,11,162
0x20198b850c,6,2,2,1,3271,81,4,0,80,66,18,52,163
0x2036f79bc8,6,2,2,3,2943,441,0,ff,7f,66,28,47,164
0x202355c53e,6,2,2,0,435,599,6,ff,df,66,31,0,165
0x20257f54d6,6,2,2,2,702,842,6,0,2,66,53,43,166
0x2023479fae,6,2,2,1,439,509,6,0,20,67,37,6,167
0x201f560385,6,2,2,0,4004,56,5,0,4,67,54,45,168
0x200c8b918d,6,2,2,0,1607,281,5,0,4,67,58,24,169
0x202355c53e,6,2,2,0,435,599,6,ff,df,68,6,6,170
0x2023479fae,6,2,2,1,439,509,6,0,20,68,15,10,171
0x2029cf910e,6,2,2,1,1271,273,6,0,40,68,58,25,172
0x201b6d1ce5,6,2,2,3,3498,460,5,ff,fd,69,2,25,173
0x2029cf910e,6,2,2,1,1271,273,6,0,40,69,16,48,174
0x201f560385,6,2,2,0,4004,56,5,0,4,70,12,50,175
0x200c8b918d,6,2,2,0,1607,281,5,0,4,70,36,56,176
0x2029cf910e,6,2,2,1,1271,273,6,0,40,71,16,46,177
0x2016cfd58e,6,2,2,0,2919,857,6,ff,df,71,36,22,178
0x2023479fae,6,2,2,1,439,509,6,0,20,71,37,43,179
0x2016cfd58e,6,2,2,0,2919,857,6,ff,df,72,16,27,180
0x203929916b,6,2,2,3,3227,277,3,ff,fe,73,15,45,181
0x202355c53e,6,2,2,0,435,599,6,ff,df,73,37,4,182
0x200447d53e,6,2,2,0,551,855,6,0,10,74,58,43,183
0x2023479fae,6,2,2,1,439,509,6,0,20,75,6,20,184
0x2023479fae,6,2,2,1,439,509,6,0,20,75,21,3,185
0x2029cf910e,6,2,2,1,1271,273,6,0,40,75,26,9,186
0x2016cfd58e,6,2,2,0,2919,857,6,ff,df,75,35,27,187
0x200cf4cb75,6,2,2,3,1641,694,5,ff,f7,76,13,4,188
0x200447d53e,6,2,2,0,551,855,6,0,10,76,46,31,189
0x2036f79bc8,6,2,2,3,2943,441,0,ff,7f,76,50,0,190
0x201f560385,6,2,2,0,4004,56,5,0,4,77,9,26,191
0x200cf4cb75,6,2,2,3,1641,694,5,ff,f7,77,9,42,192
0x200cf4cb75,6,2,2,3,1641,694,5,ff,f7,77,29,34,193
0x200c8b918d,6,2,2,0,1607,281,5,0,4,77,41,40,194
0x201b6d1ce5,6,2,2,3,3498,460,5,ff,fd,78,22,21,195
0x200c8b918d,6,2,2,0,1607,281,5,0,4,78,22,21,196
0x2023479fae,6,2,2,1,439,509,6,0,20,79,28,22,197
0x200cf4cb75,6,2,2,3,1641,694,5,ff,f7,79,37,58,198
0x20240819bc,6,2,2,2,528,415,4,ff,bf,81,48,12,199
0x2031641143,6,2,2,1,2232,272,3,0,2,82,16,14,200
0x2023479fae,6,2,2,1,439,509,6,0,20,82,28,7,201
0x200c8b918d,6,2,2,0,1607,281,5,0,4,82,28,8,202
0x2016cfd58e,6,2,2,0,2919,857,6,ff,df,82,40,12,203
0x2031641143,6,2,2,1,2232,272,3,0,2,83,55,47,204
0x2016cfd58e,6,2,2,0,2919,857,6,ff,df,84,17,36,205
0x201b6d1ce5,6,2,2,3,3498,460,5,ff,fd,85,3,36,206
0x202355c53e,6,2,2,0,435,599,6,ff,df,85,21,14,207
0x2029cf910e,6,2,2,1,1271,273,6,0,40,85,47,3,208
0x200cf4cb75,6,2,2,3,1641,694,5,ff,f7,86,13,7,209
0x2023479fae,6,2,2,1,439,509,6,0,20,86,43,13,210
0x2029cf910e,6,2,2,1,1271,273,6,0,40,87,11,3,211
0x2016cfd58e,6,2,2,0,2919,857,6,ff,df,87,15,46,212
0x2029cf910e,6,2,2,1,1271,273,6,0,40,88,3,50,213
0x200cf4cb75,6,2,2,3,1641,694,5,ff,f7,88,59,38,214
0x2036f79bc8,6,2,2,3,2943,441,0,ff,7f,90,39,15,215
0x2016cfd58e,6,2,2,0,2919,857,6,ff,df,90,42,52,216
0x20163893f5,6,2,2,3,2825,318,5,0,1,91,24,25,217
0x2016cfd58e,6,2,2,0,2919,857,6,ff,df,91,37,55,218
0x202355c53e,6,2,2,0,435,599,6,ff,df,91,43,28,219
0x2029cf910e,6,2,2,1,1271,273,6,0,40,91,45,50,220
0x201f560385,6,2,2,0,4004,56,5,0,4,92,54,43,221
0x201b6d1ce5,6,2,2,3,3498,460,5,ff,fd,93,24,31,222
0x20163893f5,6,2,2,3,2825,318,5,0,1,94,5,47,223
0x201b6d1ce5,6,2,2,3,3498,460,5,ff,fd,94,6,10,224
0x2016cfd58e,6,2,2,0,2919,857,6,ff,df,94,39,11,225
0x202355c53e,6,2,2,0,435,599,6,ff,df,94,55,30,226
0x2036f79bc8,6,2,2,3,2943,441,0,ff,7f,94,56,27,227
0x2031641143,6,2,2,1,2232,272,3,0,2,95,41,7,228
0x202355c53e,6,2,2,0,435,599,6,ff,df,95,44,12,229
0x202355c53e,6,2,2,0,435,599,6,ff,df,95,56,7,230
0x2036f79bc8,6,2,2,3,2943,441,0,ff,7f,96,20,30,231
0x20198b850c,6,2,2,1,3271,81,4,0,80,96,52,50,232
0x2029cf910e,6,2,2,1,1271,273,6,0,40,96,54,43,233
0x202355c53e,6,2,2,0,435,599,6,ff,df,98,20,3,234
0x2029cf910e,6,2,2,1,1271,273,6,0,40,99,14,56,235
0x2023479fae,6,2,2,1,439,509,6,0,20,99,50,11,236
0x200c8b918d,6,2,2,0,1607,281,5,0,4,99,50,45,237
0x2029cf910e,6,2,2,1,1271,273,6,0,40,100,7,6,238
0x202c018f8d,6,2,2,0,1555,249,5,0,4,100,16,49,239
0x2029c75681,6,2,2,3,1270,872,1,0,4,100,23,8,240
0x20257f54d6,6,2,2,2,702,842,6,0,2,100,26,46,241
0x2029cf910e,6,2,2,1,1271,273,6,0,40,100,32,55,242
0x2007124814,6,2,2,0,900,642,4,ff,bf,100,48,43,243
0x2031641143,6,2,2,1,2232,272,3,0,2,101,25,23,244
0x20240819bc,6,2,2,2,528,415,4,ff,bf,101,33,23,245
0x20163893f5,6,2,2,3,2825,318,5,0,1,101,37,25,246
0x200cf4cb75,6,2,2,3,1641,694,5,ff,f7,102,1,4,247
0x2023479fae,6,2,2,1,439,509,6,0,20,102,17,1,248
0x200c8b918d,6,2,2,0,1607,281,5,0,4,102,17,38,249
0x202355c53e,6,2,2,0,435,599,6,ff,df,102,41,13,250
0x2036f79bc8,6,2,2,3,2943,441,0,ff,7f,103,4,42,251
0x2029cf910e,6,2,2,1,1271,273,6,0,40,103,30,36,252
0x20198b850c,6,2,2,1,3271,81,4,0,80,104,10,52,253
0x201f560385,6,2,2,0,4004,56,5,0,4,106,42,14,254
0x2016cfd58e,6,2,2,0,2919,857,6,ff,df,106,43,58,255
0x203929916b,6,2,2,3,3227,277,3,ff,fe,107,2,6,256
0x20248a1485,6,2,2,0,596,328,5,0,8,107,40,40,257
0x200c8b918d,6,2,2,0,1607,281,5,0,4,108,17,12,258
0x2029cf910e,6,2,2,1,1271,273,6,0,40,110,14,17,259
0x201f560385,6,2,2,0,4004,56,5,0,4,110,45,33,260
0x2016cfd58e,6,2,2,0,2919,857,6,ff,df,112,26,40,261
0x202f39cd4a,6,2,2,2,1947,721,2,0,4,114,0,7,262
0x200c8b918d,6,2,2,0,1607,281,5,0,4,114,21,8,263
0x2029cf910e,6,2,2,1,1271,273,6,0,40,114,34,55,264
0x200c8b918d,6,2,2,0,1607,281,5,0,4,115,20,49,265
0x20347e8055,6,2,2,3,2621,2,5,0,1,115,39,56,266
0x201b6d1ce5,6,2,2,3,3498,460,5,ff,fd,116,36,22,267
0x202355c53e,6,2,2,0,435,599,6,ff,df,117,29,47,268
0x201f560385,6,2,2,0,4004,56,5,0,4,117,31,34,269
0x201b6d1ce5,6,2,2,3,3498,460,5,ff,fd,118,37,6,270
0x201b6d1ce5,6,2,2,3,3498,460,5,ff,fd,119,0,46,271
0x200c8b918d,6,2,2,0,1607,281,5,0,4,119,15,14,272
0x202355c53e,6,2,2,0,435,599,6,ff,df,122,9,24,273
0x201b6d1ce5,6,2,2,3,3498,460,5,ff,fd,122,18,36,274
0x2016cfd58e,6,2,2,0,2919,857,6,ff,df,122,25,46,275
0x2031641143,6,2,2,1,2232,272,3,0,2,122,48,25,276
0x2023479fae,6,2,2,1,439,509,6,0,20,122,56,1,277
0x2016cfd58e,6,2,2,0,2919,857,6,ff,df,125,11,6,278
0x201f560385,6,2,2,0,4004,56,5,0,4,126,8,30,279
0x20163893f5,6,2,2,3,2825,318,5,0,1,126,17,48,280
0x200cf4cb75,6,2,2,3,1641,694,5,ff,f7,127,9,51,281
0x2036f79bc8,6,2,2,3,2943,441,0,ff,7f,127,12,57,282
0x2016cfd58e,6,2,2,0,2919,857,6,ff,df,127,14,20,283
0x202c018f8d,6,2,2,0,1555,249,5,0,4,127,26,18,284
0x20198b850c,6,2,2,1,3271,81,4,0,80,127,41,17,285
0x2016cfd58e,6,2,2,0,2919,857,6,ff,df,127,55,7,286
0x20347e8055,6,2,2,3,2621,2,5,0,1,128,39,13,287
0x2029cf910e,6,2,2,1,1271,273,6,0,40,128,39,25,288
0x2031641143,6,2,2,1,2232,272,3,0,2,128,52,4,289
0x2023479fae,6,2,2,1,439,509,6,0,20,129,0,25,290
0x2016cfd58e,6,2,2,0,2919,857,6,ff,df,129,15,16,291
0x201b6d1ce5,6,2,2,3,3498,460,5,ff,fd,129,25,12,292
0x201b6d1ce5,6,2,2,3,3498,460,5,ff,fd,129,45,50,293
0x2016cfd58e,6,2,2,0,2919,857,6,ff,df,131,50,29,294
0x20347e8055,6,2,2,3,2621,2,5,0,1,132,1,39,295
0x201f560385,6,2,2,0,4004,56,5,0,4,132,53,24,296
0x2016cfd58e,6,2,2,0,2919,857,6,ff,df,133,38,44,297
0x2023479fae,6,2,2,1,439,509,6,0,20,133,40,39,298
0x201f560385,6,2,2,0,4004,56,5,0,4,135,17,15,299
0x2016cfd58e,6,2,2,0,2919,857,6,ff,df,135,32,26,300
0x2029cf910e,6,2,2,1,1271,273,6,0,40,135,45,34,301
0x200c8b918d,6,2,2,0,1607,281,5,0,4,136,23,27,302
0x2036f79bc8,6,2,2,3,2943,441,0,ff,7f,136,31,2,303
0x202c018f8d,6,2,2,0,1555,249,5,0,4,136,42,28,304
0x201f560385,6,2,2,0,4004,56,5,0,4,136,53,43,305
0x202355c53e,6,2,2,0,435,599,6,ff,df,136,53,53,306
0x20163893f5,6,2,2,3,2825,318,5,0,1,137,8,46,307
0x203929916b,6,2,2,3,3227,277,3,ff,fe,137,34,25,308
0x200c8b918d,6,2,2,0,1607,281,5,0,4,137,44,59,309
0x201b6d1ce5,6,2,2,3,3498,460,5,ff,fd,139,7,14,310
0x2029c75681,6,2,2,3,1270,872,1,0,4,139,15,40,311
0x2023479fae,6,2,2,1,439,509,6,0,20,139,23,18,312
0x2023479fae,6,2,2,1,439,509,6,0,20,139,26,54,313
0x20257f54d6,6,2,2,2,702,842,6,0,2,139,36,56,314
0x202c018f8d,6,2,2,0,1555,249,5,0,4,140,4,35,315
0x200c8b918d,6,2,2,0,1607,281,5,0,4,140,28,35,316
0x202355c53e,6,2,2,0,435,599,6,ff,df,141,0,41,317
0x2016cfd58e,6,2,2,0,2919,857,6,ff,df,141,16,11,318
0x201b6d1ce5,6,2,2,3,3498,460,5,ff,fd,142,10,51,319
0x203929916b,6,2,2,3,3227,277,3,ff,fe,143,0,32,320
0x200c8b918d,6,2,2,0,1607,281,5,0,4,143,9,45,321
0x2028ee4d59,6,2,2,0,1148,723,1,ff,fd,143,23,19,322
0x202355c53e,6,2,2,0,435,599,6,ff,df,143,59,12,323
0x201f560385,6,2,2,0,4004,56,5,0,4,144,18,15,324
0x2016cfd58e,6,2,2,0,2919,857,6,ff,df,144,40,2,325
0x202355c53e,6,2,2,0,435,599,6,ff,df,144,41,55,326
0x2023479fae,6,2,2,1,439,509,6,0,20,146,45,44,327
0x20163893f5,6,2,2,3,2825,318,5,0,1,147,5,31,328
0x2016cfd58e,6,2,2,0,2919,857,6,ff,df,147,19,45,329
0x2031641143,6,2,2,1,2232,272,3,0,2,147,22,44,330
0x2023479fae,6,2,2,1,439,509,6,0,20,148,6,45,331
0x201f560385,6,2,2,0,4004,56,5,0,4,148,38,6,332
0x20163893f5,6,2,2,3,2825,318,5,0,1,148,45,17,333
0x20339a98b0,6,2,2,0,2517,398,0,ff,f7,150,20,30,334
0x201b6d1ce5,6,2,2,3,3498,460,5,ff,fd,151,34,24,335
0x202355c53e,6,2,2,0,435,599,6,ff,df,151,40,2,336
0x200c8b918d,6,2,2,0,1607,281,5,0,4,151,52,56,337
0x203929916b,6,2,2,3,3227,277,3,ff,fe,152,21,29,338
0x2023479fae,6,2,2,1,439,509,6,0,20,152,27,48,339
0x2007124814,6,2,2,0,900,642,4,ff,bf,152,55,33,340
0x202c018f8d,6,2,2,0,1555,249,5,0,4,154,11,53,341
0x202355c53e,6,2,2,0,435,599,6,ff,df,154,17,7,342
0x201b6d1ce5,6,2,2,3,3498,460,5,ff,fd,154,29,52,343
0x202a11dbbe,6,2,2,1,1299,959,6,0,1,154,35,42,344
0x201aef0ede,6,2,2,0,3438,235,6,ff,fb,154,50,30,345
0x201fcfdd3e,6,2,2,1,4071,983,6,ff,ef,156,7,29,346
0x201e7fdcd0,6,2,2,3,3887,970,0,ff,7f,156,22,50,347
0x201e7fdcd0,6,2,2,3,3887,970,0,ff,7f,156,24,42,348
0x2029cf910e,6,2,2,1,1271,273,6,0,40,156,52,26,349
0x200fce0b36,6,2,2,1,2020,182,6,ff,f7,156,53,34,350
0x200fefd1d0,6,2,2,1,2031,794,0,0,2,157,31,29,351
0x201b6d1ce5,6,2,2,3,3498,460,5,ff,fd,157,31,33,352
0x200fefd1d0,6,2,2,1,2031,794,0,0,2,157,36,33,353
0x202a11dbbe,6,2,2,1,1299,959,6,0,1,158,15,30,354
0x200fefd1d0,6,2,2,1,2031,794,0,0,2,158,54,4,355
0x201f560385,6,2,2,0,4004,56,5,0,4,159,45,46,356
0x201fcfdd3e,6,2,2,1,4071,983,6,ff,ef,159,45,58,357
0x202355c53e,6,2,2,0,435,599,6,ff,df,159,47,17,358
0x2003f49146,6,2,2,2,489,272,6,0,4,159,54,47,359
0x201e7fdcd0,6,2,2,3,3887,970,0,ff,7f,160,20,7,360
0x2029cf910e,6,2,2,1,1271,273,6,0,40,161,50,52,361
0x200fefd1d0,6,2,2,1,2031,794,0,0,2,161,58,48,362
0x2029cf910e,6,2,2,1,1271,273,6,0,40,162,37,41,363
0x203da182c8,6,2,2,3,3803,41,0,0,20,162,53,20,364
0x203da182c8,6,2,2,3,3803,41,0,0,20,162,56,46,365
0x2003f49146,6,2,2,2,489,272,6,0,4,163,33,37,366
0x201457da3e,6,2,2,1,2599,935,6,0,4,163,35,29,367
0x2029cf910e,6,2,2,1,1271,273,6,0,40,163,53,58,368
0x200fefd1d0,6,2,2,1,2031,794,0,0,2,164,20,8,369
0x201e7fdcd0,6,2,2,3,3887,970,0,ff,7f,164,25,50,370
0x202355c53e,6,2,2,0,435,599,6,ff,df,164,41,27,371
0x201fcfdd3e,6,2,2,1,4071,983,6,ff,ef,165,0,58,372
0x2016cfd58e,6,2,2,0,2919,857,6,ff,df,165,29,41,373
0x2029cf910e,6,2,2,1,1271,273,6,0,40,165,35,7,374
0x201aef0ede,6,2,2,0,3438,235,6,ff,fb,165,35,25,375
0x201b6d1ce5,6,2,2,3,3498,460,5,ff,fd,165,39,1,376
0x2003f49146,6,2,2,2,489,272,6,0,4,166,17,23,377
0x201aef0ede,6,2,2,0,3438,235,6,ff,fb,166,20,49,378
0x203da182c8,6,2,2,3,3803,41,0,0,20,166,53,45,379
0x2013a98ad8,6,2,2,1,2507,171,0,ff,fe,167,7,9,380
0x201457da3e,6,2,2,1,2599,935,6,0,4,167,18,20,381
0x202355c53e,6,2,2,0,435,599,6,ff,df,167,23,24,382
0x2029cf910e,6,2,2,1,1271,273,6,0,40,167,38,8,383
0x2023479fae,6,2,2,1,439,509,6,0,20,167,38,47,384
0x202355c53e,6,2,2,0,435,599,6,ff,df,167,43,41,385
0x201f560385,6,2,2,0,4004,56,5,0,4,167,45,5,386
0x2023479fae,6,2,2,1,439,509,6,0,20,168,0,53,387
0x200fce0b36,6,2,2,1,2020,182,6,ff,f7,168,32,34,388
0x202a11dbbe,6,2,2,1,1299,959,6,0,1,168,34,54,389
0x2013a98ad8,6,2,2,1,2507,171,0,ff,fe,169,8,54,390
0x200fefd1d0,6,2,2,1,2031,794,0,0,2,169,52,42,391
0x200fefd1d0,6,2,2,1,2031,794,0,0,2,170,16,35,392
0x200fefd1d0,6,2,2,1,2031,794,0,0,2,170,33,22,393
0x203d304e41,6,2,2,0,3736,736,1,ff,fb,170,36,27,394
0x201f560385,6,2,2,0,4004,56,5,0,4,170,48,49,395
0x201aef0ede,6,2,2,0,3438,235,6,ff,fb,171,37,5,396
0x201b6d1ce5,6,2,2,3,3498,460,5,ff,fd,173,42,43,397
0x203d304e41,6,2,2,0,3736,736,1,ff,fb,173,43,33,398
0x201f560385,6,2,2,0,4004,56,5,0,4,173,46,39,399
0x201b6d1ce5,6,2,2,3,3498,460,5,ff,fd,173,57,23,400
0x201457da3e,6,2,2,1,2599,935,6,0,4,174,34,31,401
0x200fefd1d0,6,2,2,1,2031,794,0,0,2,174,36,11,402
0x200fefd1d0,6,2,2,1,2031,794,0,0,2,174,55,16,403
0x201457da3e,6,2,2,1,2599,935,6,0,4,174,59,22,404
0x201f560385,6,2,2,0,4004,56,5,0,4,175,13,5,405
0x201457da3e,6,2,2,1,2599,935,6,0,4,175,17,57,406
0x203d304e41,6,2,2,0,3736,736,1,ff,fb,175,42,13,407
0x200fefd1d0,6,2,2,1,2031,794,0,0,2,176,16,1,408
0x201457da3e,6,2,2,1,2599,935,6,0,4,176,43,8,409
0x203d304e41,6,2,2,0,3736,736,1,ff,fb,176,44,32,410
0x200fefd1d0,6,2,2,1,2031,794,0,0,2,177,20,30,411
0x2031641143,6,2,2,1,2232,272,3,0,2,177,28,21,412
0x201457da3e,6,2,2,1,2599,935,6,0,4,177,42,54,413
0x201f560385,6,2,2,0,4004,56,5,0,4,178,50,44,414
0x200fce0b36,6,2,2,1,2020,182,6,ff,f7,179,5,39,415
0x2010df933c,6,2,2,1,2151,311,4,0,40,179,21,58,416
0x2031641143,6,2,2,1,2232,272,3,0,2,180,13,32,417
0x2031641143,6,2,2,1,2232,272,3,0,2,180,34,44,418
0x202a11dbbe,6,2,2,1,1299,959,6,0,1,180,36,41,419
0x201457da3e,6,2,2,1,2599,935,6,0,4,181,22,25,420
0x2031641143,6,2,2,1,2232,272,3,0,2,181,53,30,421
0x203d304e41,6,2,2,0,3736,736,1,ff,fb,182,0,21,422
0x2028ee4d59,6,2,2,0,1148,723,1,ff,fd,182,3,30,423
0x201457da3e,6,2,2,1,2599,935,6,0,4,183,3,31,424
0x2028ee4d59,6,2,2,0,1148,723,1,ff,fd,183,23,30,425
0x202a11dbbe,6,2,2,1,1299,959,6,0,1,183,47,0,426
0x202939d7d1,6,2,2,2,1179,890,1,ff,fe,183,48,18,427
0x2003f49146,6,2,2,2,489,272,6,0,4,183,59,37,428
0x203d304e41,6,2,2,0,3736,736,1,ff,fb,184,21,29,429
0x201457da3e,6,2,2,1,2599,935,6,0,4,184,43,2,430
0x2028ee4d59,6,2,2,0,1148,723,1,ff,fd,184,59,33,431
0x203d304e41,6,2,2,0,3736,736,1,ff,fb,186,45,49,432
0x202939d7d1,6,2,2,2,1179,890,1,ff,fe,186,51,25,433
0x201457da3e,6,2,2,1,2599,935,6,0,4,187,1,3,434
0x201b6d1ce5,6,2,2,3,3498,460,5,ff,fd,187,23,5,435
0x203d304e41,6,2,2,0,3736,736,1,ff,fb,189,22,53,436
0x201b6d1ce5,6,2,2,3,3498,460,5,ff,fd,189,25,26,437
0x2003f49146,6,2,2,2,489,272,6,0,4,189,42,55,438
0x201457da3e,6,2,2,1,2599,935,6,0,4,190,29,45,439
0x2031641143,6,2,2,1,2232,272,3,0,2,191,19,0,440
0x201f560385,6,2,2,0,4004,56,5,0,4,191,33,25,441
0x201457da3e,6,2,2,1,2599,935,6,0,4,191,43,9,442
0x202355c53e,6,2,2,0,435,599,6,ff,df,192,15,25,443
0x2013a98ad8,6,2,2,1,2507,171,0,ff,fe,192,51,47,444
0x203d304e41,6,2,2,0,3736,736,1,ff,fb,194,42,7,445
0x202939d7d1,6,2,2,2,1179,890,1,ff,fe,194,59,58,446
0x201aef0ede,6,2,2,0,3438,235,6,ff,fb,195,28,29,447
0x202a11dbbe,6,2,2,1,1299,959,6,0,1,195,46,41,448
0x200fefd1d0,6,2,2,1,2031,794,0,0,2,196,3,56,449
0x202939d7d1,6,2,2,2,1179,890,1,ff,fe,196,21,40,450
0x201aef0ede,6,2,2,0,3438,235,6,ff,fb,196,50,49,451
0x200fefd1d0,6,2,2,1,2031,794,0,0,2,198,7,36,452
0x2028ee4d59,6,2,2,0,1148,723,1,ff,fd,198,9,55,453
0x200fce0b36,6,2,2,1,2020,182,6,ff,f7,198,28,31,454
0x200fefd1d0,6,2,2,1,2031,794,0,0,2,198,51,11,455
0x202a11dbbe,6,2,2,1,1299,959,6,0,1,198,52,33,456
0x2010df933c,6,2,2,1,2151,311,4,0,40,199,9,51,457
0x202a11dbbe,6,2,2,1,1299,959,6,0,1,199,10,4,458
0x201aef0ede,6,2,2,0,3438,235,6,ff,fb,200,12,46,459
0x202a11dbbe,6,2,2,1,1299,959,6,0,1,201,13,8,460
0x201457da3e,6,2,2,1,2599,935,6,0,4,201,31,42,461
0x203d304e41,6,2,2,0,3736,736,1,ff,fb,201,33,35,462
0x203d304e41,6,2,2,0,3736,736,1,ff,fb,201,44,16,463
0x201457da3e,6,2,2,1,2599,935,6,0,4,201,49,32,464
0x203d304e41,6,2,2,0,3736,736,1,ff,fb,202,29,45,465
0x201aef0ede,6,2,2,0,3438,235,6,ff,fb,203,25,19,466
0x2003f49146,6,2,2,2,489,272,6,0,4,203,50,47,467
0x2036f79bc8,6,2,2,3,2943,441,0,ff,7f,204,17,49,468
0x201b6d1ce5,6,2,2,3,3498,460,5,ff,fd,204,31,20,469
0x203d304e41,6,2,2,0,3736,736,1,ff,fb,205,11,49,470
0x2028ee4d59,6,2,2,0,1148,723,1,ff,fd,205,55,29,471
0x2036f79bc8,6,2,2,3,2943,441,0,ff,7f,206,5,12,472
0x201f560385,6,2,2,0,4004,56,5,0,4,206,22,31,473
0x200fefd1d0,6,2,2,1,2031,794,0,0,2,206,27,17,474
0x2010df933c,6,2,2,1,2151,311,4,0,40,206,50,15,475
0x201aef0ede,6,2,2,0,3438,235,6,ff,fb,206,55,32,476
0x203d304e41,6,2,2,0,3736,736,1,ff,fb,207,13,26,477
0x202939d7d1,6,2,2,2,1179,890,1,ff,fe,207,39,58,478
0x203d304e41,6,2,2,0,3736,736,1,ff,fb,209,10,45,479
0x202939d7d1,6,2,2,2,1179,890,1,ff,fe,209,20,18,480
0x2003f49146,6,2,2,2,489,272,6,0,4,209,52,8,481
0x201457da3e,6,2,2,1,2599,935,6,0,4,210,15,49,482
0x200fefd1d0,6,2,2,1,2031,794,0,0,2,211,35,56,483
0x201aef0ede,6,2,2,0,3438,235,6,ff,fb,211,52,13,484
0x2031641143,6,2,2,1,2232,272,3,0,2,212,27,7,485
0x201457da3e,6,2,2,1,2599,935,6,0,4,212,52,53,486
0x200fce0b36,6,2,2,1,2020,182,6,ff,f7,213,9,20,487
0x2010df933c,6,2,2,1,2151,311,4,0,40,213,38,8,488
0x201aef0ede,6,2,2,0,3438,235,6,ff,fb,213,54,0,489
0x2028ee4d59,6,2,2,0,1148,723,1,ff,fd,214,37,4,490
0x202939d7d1,6,2,2,2,1179,890,1,ff,fe,214,41,7,491
0x201f560385,6,2,2,0,4004,56,5,0,4,214,41,33,492
0x201aef0ede,6,2,2,0,3438,235,6,ff,fb,214,51,8,493
0x201aef0ede,6,2,2,0,3438,235,6,ff,fb,214,54,59,494
0x202a11dbbe,6,2,2,1,1299,959,6,0,1,215,36,13,495
0x2013a98ad8,6,2,2,1,2507,171,0,ff,fe,215,46,42,496
0x201457da3e,6,2,2,1,2599,935,6,0,4,215,53,18,497
0x201457da3e,6,2,2,1,2599,935,6,0,4,216,10,1,498
0x200fefd1d0,6,2,2,1,2031,794,0,0,2,216,11,53,499
0x2003f49146,6,2,2,2,489,272,6,0,4,216,31,16,500
0x201f560385,6,2,2,0,4004,56,5,0,4,216,43,48,501
0x201f560385,6,2,2,0,4004,56,5,0,4,217,9,6,502
0x203d304e41,6,2,2,0,3736,736,1,ff,fb,217,12,43,503
0x200fce0b36,6,2,2,1,2020,182,6,ff,f7,217,14,46,504
0x201f560385,6,2,2,0,4004,56,5,0,4,217,46,19,505
0x203d304e41,6,2,2,0,3736,736,1,ff,fb,217,53,20,506
0x201457da3e,6,2,2,1,2599,935,6,0,4,217,54,35,507
0x201aef0ede,6,2,2,0,3438,235,6,ff,fb,218,33,57,508
0x202a11dbbe,6,2,2,1,1299,959,6,0,1,218,39,9,509
0x201b6d1ce5,6,2,2,3,3498,460,5,ff,fd,218,57,48,510
0x201f560385,6,2,2,0,4004,56,5,0,4,219,29,26,511
0x2010df933c,6,2,2,1,2151,311,4,0,40,219,52,12,512
0x202939d7d1,6,2,2,2,1179,890,1,ff,fe,220,50,0,513
0x201b6d1ce5,6,2,2,3,3498,460,5,ff,fd,221,18,34,514
0x202a11dbbe,6,2,2,1,1299,959,6,0,1,221,20,1,515
0x2028ee4d59,6,2,2,0,1148,723,1,ff,fd,221,37,22,516
0x202939d7d1,6,2,2,2,1179,890,1,ff,fe,221,42,20,517
0x2010df933c,6,2,2,1,2151,311,4,0,40,222,57,55,518
0x2003f49146,6,2,2,2,489,272,6,0,4,223,12,48,519
0x203d304e41,6,2,2,0,3736,736,1,ff,fb,223,35,43,520
0x2028ee4d59,6,2,2,0,1148,723,1,ff,fd,224,1,27,521
0x201b6d1ce5,6,2,2,3,3498,460,5,ff,fd,224,59,48,522
0x203d304e41,6,2,2,0,3736,736,1,ff,fb,225,15,49,523
0x203d304e41,6,2,2,0,3736,736,1,ff,fb,225,18,33,524
0x201457da3e,6,2,2,1,2599,935,6,0,4,225,40,14,525
0x203d304e41,6,2,2,0,3736,736,1,ff,fb,226,34,51,526
0x201457da3e,6,2,2,1,2599,935,6,0,4,226,40,49,527
0x201457da3e,6,2,2,1,2599,935,6,0,4,226,42,38,528
0x201aef0ede,6,2,2,0,3438,235,6,ff,fb,226,59,20,529
0x201f560385,6,2,2,0,4004,56,5,0,4,227,6,16,530
0x201f560385,6,2,2,0,4004,56,5,0,4,227,29,49,531
0x202a11dbbe,6,2,2,1,1299,959,6,0,1,227,34,40,532
0x2028ee4d59,6,2,2,0,1148,723,1,ff,fd,227,59,53,533
0x200fefd1d0,6,2,2,1,2031,794,0,0,2,228,39,36,534
0x201457da3e,6,2,2,1,2599,935,6,0,4,228,40,12,535
0x202a11dbbe,6,2,2,1,1299,959,6,0,1,229,41,42,536
0x201457da3e,6,2,2,1,2599,935,6,0,4,230,22,53,537
0x200fefd1d0,6,2,2,1,2031,794,0,0,2,231,0,40,538
0x201b6d1ce5,6,2,2,3,3498,460,5,ff,fd,231,0,57,539
0x201457da3e,6,2,2,1,2599,935,6,0,4,231,1,24,540
0x201f560385,6,2,2,0,4004,56,5,0,4,231,8,53,541
0x201aef0ede,6,2,2,0,3438,235,6,ff,fb,231,42,34,542
0x201457da3e,6,2,2,1,2599,935,6,0,4,232,42,56,543
0x2003f49146,6,2,2,2,489,272,6,0,4,233,44,37,544
0x200fefd1d0,6,2,2,1,2031,794,0,0,2,233,56,23,545
0x200fefd1d0,6,2,2,1,2031,794,0,0,2,235,5,53,546
0x203d304e41,6,2,2,0,3736,736,1,ff,fb,235,19,57,547
0x200fce0b36,6,2,2,1,2020,182,6,ff,f7,235,45,36,548
0x202939d7d1,6,2,2,2,1179,890,1,ff,fe,235,54,37,549
0x2003f49146,6,2,2,2,489,272,6,0,4,236,37,47,550
0x201457da3e,6,2,2,1,2599,935,6,0,4,236,42,21,551
0x202a11dbbe,6,2,2,1,1299,959,6,0,1,237,2,24,552
0x2036f79bc8,6,2,2,3,2943,441,0,ff,7f,237,7,53,553
0x2010df933c,6,2,2,1,2151,311,4,0,40,237,19,24,554
0x201aef0ede,6,2,2,0,3438,235,6,ff,fb,237,22,38,555
0x2028ee4d59,6,2,2,0,1148,723,1,ff,fd,237,45,39,556
0x2036f79bc8,6,2,2,3,2943,441,0,ff,7f,238,14,28,557
0x201b6d1ce5,6,2,2,3,3498,460,5,ff,fd,238,44,51,558
0x2010df933c,6,2,2,1,2151,311,4,0,40,238,46,12,559
0x201aef0ede,6,2,2,0,3438,235,6,ff,fb,238,59,27,560
0x20198b850c,6,2,2,1,3271,81,4,0,80,239,6,8,561
0x200fefd1d0,6,2,2,1,2031,794,0,0,2,239,21,48,562
0x202a11dbbe,6,2,2,1,1299,959,6,0,1,239,22,35,563
0x201f560385,6,2,2,0,4004,56,5,0,4,240,29,58,564
0x201aef0ede,6,2,2,0,3438,235,6,ff,fb,241,4,3,565
0x202939d7d1,6,2,2,2,1179,890,1,ff,fe,241,14,19,566
0x201aef0ede,6,2,2,0,3438,235,6,ff,fb,241,26,9,567
0x2036f79bc8,6,2,2,3,2943,441,0,ff,7f,241,36,3,568
0x201f560385,6,2,2,0,4004,56,5,0,4,241,52,8,569
0x2031641143,6,2,2,1,2232,272,3,0,2,242,11,25,570
0x2036f79bc8,6,2,2,3,2943,441,0,ff,7f,242,33,47,571
0x2028ee4d59,6,2,2,0,1148,723,1,ff,fd,243,6,54,572
0x201457da3e,6,2,2,1,2599,935,6,0,4,243,26,21,573
0x201f560385,6,2,2,0,4004,56,5,0,4,243,35,16,574
0x2010df933c,6,2,2,1,2151,311,4,0,40,245,21,21,575
0x201457da3e,6,2,2,1,2599,935,6,0,4,245,25,23,576
0x201b6d1ce5,6,2,2,3,3498,460,5,ff,fd,245,43,31,577
0x2010df933c,6,2,2,1,2151,311,4,0,40,247,28,18,578
0x201f560385,6,2,2,0,4004,56,5,0,4,247,35,10,579
0x201457da3e,6,2,2,1,2599,935,6,0,4,247,45,36,580
0x201aef0ede,6,2,2,0,3438,235,6,ff,fb,247,48,46,581
0x2036f79bc8,6,2,2,3,2943,441,0,ff,7f,247,57,37,582
0x201aef0ede,6,2,2,0,3438,235,6,ff,fb,248,10,30,583
0x201b6d1ce5,6,2,2,3,3498,460,5,ff,fd,248,43,25,584
0x2028ee4d59,6,2,2,0,1148,723,1,ff,fd,249,25,3,585
0x202a11dbbe,6,2,2,1,1299,959,6,0,1,250,8,22,586
0x201aef0ede,6,2,2,0,3438,235,6,ff,fb,250,51,52,587
0x201b6d1ce5,6,2,2,3,3498,460,5,ff,fd,251,4,12,588
0x200fce0b36,6,2,2,1,2020,182,6,ff,f7,251,26,28,589
0x200fce0b36,6,2,2,1,2020,182,6,ff,f7,251,28,42,590
0x202a11dbbe,6,2,2,1,1299,959,6,0,1,251,29,5,591
0x2003f49146,6,2,2,2,489,272,6,0,4,251,45,22,592
0x2028ee4d59,6,2,2,0,1148,723,1,ff,fd,252,22,52,593
0x2010df933c,6,2,2,1,2151,311,4,0,40,252,26,40,594
0x200fefd1d0,6,2,2,1,2031,794,0,0,2,253,9,30,595
0x2003f49146,6,2,2,2,489,272,6,0,4,253,43,18,596
0x200fce0b36,6,2,2,1,2020,182,6,ff,f7,253,46,16,597
0x200fefd1d0,6,2,2,1,2031,794,0,0,2,254,51,23,598
0x2010df933c,6,2,2,1,2151,311,4,0,40,255,4,33,599
0x201aef0ede,6,2,2,0,3438,235,6,ff,fb,255,12,2,600
0x202a11dbbe,6,2,2,1,1299,959,6,0,1,255,31,37,601
0x201f560385,6,2,2,0,4004,56,5,0,4,256,2,15,602
0x2028ee4d59,6,2,2,0,1148,723,1,ff,fd,256,27,52,603
0x201f560385,6,2,2,0,4004,56,5,0,4,256,57,10,604
0x2036f79bc8,6,2,2,3,2943,441,0,ff,7f,257,14,49,605
0x2010df933c,6,2,2,1,2151,311,4,0,40,258,9,4,606
0x201aef0ede,6,2,2,0,3438,235,6,ff,fb,258,30,0,607
0x2010df933c,6,2,2,1,2151,311,4,0,40,259,7,13,608
0x200fce0b36,6,2,2,1,2020,182,6,ff,f7,259,11,24,609
0x201f560385,6,2,2,0,4004,56,5,0,4,259,18,39,610
0x203d304e41,6,2,2,0,3736,736,1,ff,fb,259,31,6,611
0x201f560385,6,2,2,0,4004,56,5,0,4,260,16,22,612
0x200fce0b36,6,2,2,1,2020,182,6,ff,f7,260,27,14,613
0x202a11dbbe,6,2,2,1,1299,959,6,0,1,260,47,9,614
0x200fce0b36,6,2,2,1,2020,182,6,ff,f7,261,6,45,615
0x201f560385,6,2,2,0,4004,56,5,0,4,261,36,34,616
0x203d304e41,6,2,2,0,3736,736,1,ff,fb,261,47,10,617
0x201b6d1ce5,6,2,2,3,3498,460,5,ff,fd,262,13,51,618
0x2036f79bc8,6,2,2,3,2943,441,0,ff,7f,262,21,48,619
0x202355c53e,6,2,2,0,435,599,6,ff,df,263,1,19,620
0x2010df933c,6,2,2,1,2151,311,4,0,40,263,28,38,621
0x201aef0ede,6,2,2,0,3438,235,6,ff,fb,263,49,43,622
0x203d304e41,6,2,2,0,3736,736,1,ff,fb,263,50,6,623
0x2010df933c,6,2,2,1,2151,311,4,0,40,263,55,8,624
0x201b6d1ce5,6,2,2,3,3498,460,5,ff,fd,265,53,1,625
0x201aef0ede,6,2,2,0,3438,235,6,ff,fb,265,53,18,626
0x202a11dbbe,6,2,2,1,1299,959,6,0,1,266,7,43,627
0x202a11dbbe,6,2,2,1,1299,959,6,0,1,266,11,25,628
0x2013a98ad8,6,2,2,1,2507,171,0,ff,fe,266,45,23,629
0x201457da3e,6,2,2,1,2599,935,6,0,4,266,48,41,630
0x201aef0ede,6,2,2,0,3438,235,6,ff,fb,266,51,13,631
0x203d304e41,6,2,2,0,3736,736,1,ff,fb,266,54,51,632
0x201f560385,6,2,2,0,4004,56,5,0,4,267,4,54,633
0x2003f49146,6,2,2,2,489,272,6,0,4,267,13,28,634
0x201f560385,6,2,2,0,4004,56,5,0,4,267,18,49,635
0x201f560385,6,2,2,0,4004,56,5,0,4,268,48,20,636
0x201457da3e,6,2,2,1,2599,935,6,0,4,268,58,16,637
0x2031641143,6,2,2,1,2232,272,3,0,2,269,19,11,638
0x201457da3e,6,2,2,1,2599,935,6,0,4,269,38,40,639
0x201f560385,6,2,2,0,4004,56,5,0,4,270,27,19,640
0x201aef0ede,6,2,2,0,3438,235,6,ff,fb,270,34,53,641
0x200fefd1d0,6,2,2,1,2031,794,0,0,2,270,50,17,642
0x201f560385,6,2,2,0,4004,56,5,0,4,272,0,3,643
0x201aef0ede,6,2,2,0,3438,235,6,ff,fb,272,32,59,644
0x201457da3e,6,2,2,1,2599,935,6,0,4,272,59,16,645
0x2013a98ad8,6,2,2,1,2507,171,0,ff,fe,273,4,31,646
0x201f560385,6,2,2,0,4004,56,5,0,4,273,20,18,647
0x203d304e41,6,2,2,0,3736,736,1,ff,fb,273,38,5,648
0x2036f79bc8,6,2,2,3,2943,441,0,ff,7f,274,41,19,649
0x203d304e41,6,2,2,0,3736,736,1,ff,fb,274,52,48,650
0x2036f79bc8,6,2,2,3,2943,441,0,ff,7f,275,1,38,651
0x202939d7d1,6,2,2,2,1179,890,1,ff,fe,275,6,19,652
0x201f560385,6,2,2,0,4004,56,5,0,4,275,8,51,653
0x201457da3e,6,2,2,1,2599,935,6,0,4,276,33,0,654
0x2003f49146,6,2,2,2,489,272,6,0,4,277,36,24,655
0x201f560385,6,2,2,0,4004,56,5,0,4,278,5,16,656
0x203d304e41,6,2,2,0,3736,736,1,ff,fb,278,36,24,657
0x202939d7d1,6,2,2,2,1179,890,1,ff,fe,280,50,0,658
0x201aef0ede,6,2,2,0,3438,235,6,ff,fb,280,57,25,659
0x202a11dbbe,6,2,2,1,1299,959,6,0,1,281,37,2,660
0x200fefd1d0,6,2,2,1,2031,794,0,0,2,281,54,9,661
0x203d304e41,6,2,2,0,3736,736,1,ff,fb,282,3,12,662
0x201457da3e,6,2,2,1,2599,935,6,0,4,282,18,43,663
0x2010df933c,6,2,2,1,2151,311,4,0,40,282,54,32,664
0x202a11dbbe,6,2,2,1,1299,959,6,0,1,282,54,58,665
0x200fefd1d0,6,2,2,1,2031,794,0,0,2,283,1,47,666
0x2003f49146,6,2,2,2,489,272,6,0,4,283,17,35,667
0x202a11dbbe,6,2,2,1,1299,959,6,0,1,284,2,7,668
0x201f560385,6,2,2,0,4004,56,5,0,4,284,12,40,669
0x200fce0b36,6,2,2,1,2020,182,6,ff,f7,284,39,10,670
0x201b6d1ce5,6,2,2,3,3498,460,5,ff,fd,284,39,49,671
0x200fefd1d0,6,2,2,1,2031,794,0,0,2,284,39,53,672
0x203d304e41,6,2,2,0,3736,736,1,ff,fb,284,40,17,673
0x201f560385,6,2,2,0,4004,56,5,0,4,285,10,52,674
0x200fefd1d0,6,2,2,1,2031,794,0,0,2,285,14,35,675
0x200fefd1d0,6,2,2,1,2031,794,0,0,2,285,39,23,676
0x200fefd1d0,6,2,2,1,2031,794,0,0,2,286,0,24,677
0x203d304e41,6,2,2,0,3736,736,1,ff,fb,286,15,16,678
0x2036f79bc8,6,2,2,3,2943,441,0,ff,7f,286,33,29,679
0x201aef0ede,6,2,2,0,3438,235,6,ff,fb,286,35,44,680
0x201457da3e,6,2,2,1,2599,935,6,0,4,288,2,3,681
0x200fefd1d0,6,2,2,1,2031,794,0,0,2,288,2,17,682
0x202a11dbbe,6,2,2,1,1299,959,6,0,1,288,3,15,683
0x202939d7d1,6,2,2,2,1179,890,1,ff,fe,288,34,48,684
0x2028ee4d59,6,2,2,0,1148,723,1,ff,fd,288,36,44,685
0x2028ee4d59,6,2,2,0,1148,723,1,ff,fd,288,44,38,686
0x202a11dbbe,6,2,2,1,1299,959,6,0,1,288,58,32,687
0x200fce0b36,6,2,2,1,2020,182,6,ff,f7,289,2,57,688
0x2013a98ad8,6,2,2,1,2507,171,0,ff,fe,290,16,5,689
0x200fefd1d0,6,2,2,1,2031,794,0,0,2,290,24,55,690
0x2036f79bc8,6,2,2,3,2943,441,0,ff,7f,290,51,13,691
0x203d304e41,6,2,2,0,3736,736,1,ff,fb,291,1,0,692
0x201f560385,6,2,2,0,4004,56,5,0,4,291,11,1,693
0x202a11dbbe,6,2,2,1,1299,959,6,0,1,291,18,47,694
0x201aef0ede,6,2,2,0,3438,235,6,ff,fb,292,3,24,695
0x200fce0b36,6,2,2,1,2020,182,6,ff,f7,292,17,34,696
0x200fefd1d0,6,2,2,1,2031,794,0,0,2,292,38,56,697
0x2028ee4d59,6,2,2,0,1148,723,1,ff,fd,292,41,38,698
0x203d304e41,6,2,2,0,3736,736,1,ff,fb,292,43,44,699
0x2010df933c,6,2,2,1,2151,311,4,0,40,292,59,59,700
0x2010df933c,6,2,2,1,2151,311,4,0,40,293,3,31,701
0x201f560385,6,2,2,0,4004,56,5,0,4,293,31,3,702
0x2031641143,6,2,2,1,2232,272,3,0,2,294,13,35,703
0x201aef0ede,6,2,2,0,3438,235,6,ff,fb,294,43,20,704
0x2010df933c,6,2,2,1,2151,311,4,0,40,295,1,56,705
0x202a11dbbe,6,2,2,1,1299,959,6,0,1,295,2,19,706
0x203d304e41,6,2,2,0,3736,736,1,ff,fb,295,6,52,707
0x2036f79bc8,6,2,2,3,2943,441,0,ff,7f,295,30,4,708
0x200fce0b36,6,2,2,1,2020,182,6,ff,f7,295,47,41,709
0x200fefd1d0,6,2,2,1,2031,794,0,0,2,297,40,33,710
0x2010df933c,6,2,2,1,2151,311,4,0,40,298,7,17,711
0x202939d7d1,6,2,2,2,1179,890,1,ff,fe,298,13,55,712
0x2031641143,6,2,2,1,2232,272,3,0,2,298,34,29,713
0x200fce0b36,6,2,2,1,2020,182,6,ff,f7,299,20,15,714
0x2010df933c,6,2,2,1,2151,311,4,0,40,300,41,9,715
0x2003f49146,6,2,2,2,489,272,6,0,4,300,41,19,716
0x201b6d1ce5,6,2,2,3,3498,460,5,ff,fd,301,4,54,717
0x2031641143,6,2,2,1,2232,272,3,0,2,301,52,14,718
0x202939d7d1,6,2,2,2,1179,890,1,ff,fe,301,56,30,719
0x200fefd1d0,6,2,2,1,2031,794,0,0,2,302,9,29,720
0x201457da3e,6,2,2,1,2599,935,6,0,4,302,24,35,721
0x2003f49146,6,2,2,2,489,272,6,0,4,302,25,52,722
0x200fefd1d0,6,2,2,1,2031,794,0,0,2,302,45,49,723
0x2031641143,6,2,2,1,2232,272,3,0,2,303,16,34,724
0x203d304e41,6,2,2,0,3736,736,1,ff,fb,303,49,41,725
0x201f560385,6,2,2,0,4004,56,5,0,4,304,57,23,726
0x201f560385,6,2,2,0,4004,56,5,0,4,305,34,5,727
0x2003f49146,6,2,2,2,489,272,6,0,4,305,42,13,728
0x200fefd1d0,6,2,2,1,2031,794,0,0,2,305,49,27,729
0x2013a98ad8,6,2,2,1,2507,171,0,ff,fe,305,57,7,730
0x201aef0ede,6,2,2,0,3438,235,6,ff,fb,306,5,11,731
0x201aef0ede,6,2,2,0,3438,235,6,ff,fb,307,24,47,732
0x202a11dbbe,6,2,2,1,1299,959,6,0,1,307,32,13,733
0x200fefd1d0,6,2,2,1,2031,794,0,0,2,309,4,46,734
0x200fefd1d0,6,2,2,1,2031,794,0,0,2,309,26,22,735
0x201aef0ede,6,2,2,0,3438,235,6,ff,fb,309,28,33,736
0x200fefd1d0,6,2,2,1,2031,794,0,0,2,309,31,56,737
0x203d304e41,6,2,2,0,3736,736,1,ff,fb,309,47,27,738
0x201f560385,6,2,2,0,4004,56,5,0,4,309,57,45,739
0x201457da3e,6,2,2,1,2599,935,6,0,4,310,9,41,740
0x2036f79bc8,6,2,2,3,2943,441,0,ff,7f,310,14,41,741
0x201f560385,6,2,2,0,4004,56,5,0,4,310,17,7,742
0x200fefd1d0,6,2,2,1,2031,794,0,0,2,310,31,56,743
0x2036f79bc8,6,2,2,3,2943,441,0,ff,7f,310,42,0,744
0x201f560385,6,2,2,0,4004,56,5,0,4,310,54,26,745
0x200fce0b36,6,2,2,1,2020,182,6,ff,f7,311,5,4,746
0x200fce0b36,6,2,2,1,2020,182,6,ff,f7,312,8,33,747
0x2010df933c,6,2,2,1,2151,311,4,0,40,312,49,20,748
0x201457da3e,6,2,2,1,2599,935,6,0,4,312,51,49,749
0x2028ee4d59,6,2,2,0,1148,723,1,ff,fd,313,9,9,750
0x2031641143,6,2,2,1,2232,272,3,0,2,313,22,19,751
0x2036f79bc8,6,2,2,3,2943,441,0,ff,7f,314,21,8,752
0x203d304e41,6,2,2,0,3736,736,1,ff,fb,314,31,31,753
0x2003f49146,6,2,2,2,489,272,6,0,4,315,12,0,754
0x2010df933c,6,2,2,1,2151,311,4,0,40,315,46,19,755
0x203d304e41,6,2,2,0,3736,736,1,ff,fb,315,47,0,756
0x201f560385,6,2,2,0,4004,56,5,0,4,316,20,5,757
0x201f560385,6,2,2,0,4004,56,5,0,4,316,35,41,758
0x2036f79bc8,6,2,2,3,2943,441,0,ff,7f,316,39,7,759
0x201457da3e,6,2,2,1,2599,935,6,0,4,316,55,24,760
0x2031641143,6,2,2,1,2232,272,3,0,2,316,57,59,761
0x202a11dbbe,6,2,2,1,1299,959,6,0,1,317,29,41,762
0x2036f79bc8,6,2,2,3,2943,441,0,ff,7f,317,43,6,763
0x201457da3e,6,2,2,1,2599,935,6,0,4,318,48,41,764
0x200fefd1d0,6,2,2,1,2031,794,0,0,2,318,54,14,765
0x202a11dbbe,6,2,2,1,1299,959,6,0,1,319,10,20,766
0x201b6d1ce5,6,2,2,3,3498,460,5,ff,fd,319,54,33,767
0x201f560385,6,2,2,0,4004,56,5,0,4,321,1,16,768
0x201aef0ede,6,2,2,0,3438,235,6,ff,fb,321,15,41,769
0x202939d7d1,6,2,2,2,1179,890,1,ff,fe,322,2,58,770
0x201aef0ede,6,2,2,0,3438,235,6,ff,fb,322,29,18,771
0x201457da3e,6,2,2,1,2599,935,6,0,4,322,32,21,772
0x203d304e41,6,2,2,0,3736,736,1,ff,fb,323,8,49,773
0x2036f79bc8,6,2,2,3,2943,441,0,ff,7f,323,44,18,774
0x200fefd1d0,6,2,2,1,2031,794,0,0,2,323,58,18,775
0x201f560385,6,2,2,0,4004,56,5,0,4,324,5,24,776
0x201b6d1ce5,6,2,2,3,3498,460,5,ff,fd,324,16,54,777
0x2010df933c,6,2,2,1,2151,311,4,0,40,324,34,56,778
0x201aef0ede,6,2,2,0,3438,235,6,ff,fb,324,35,25,779
0x201457da3e,6,2,2,1,2599,935,6,0,4,324,50,49,780
0x203d304e41,6,2,2,0,3736,736,1,ff,fb,325,31,4,781
0x2028ee4d59,6,2,2,0,1148,723,1,ff,fd,325,58,15,782
0x2003f49146,6,2,2,2,489,272,6,0,4,326,30,31,783
0x201f560385,6,2,2,0,4004,56,5,0,4,327,1,57,784
0x2010df933c,6,2,2,1,2151,311,4,0,40,327,18,11,785
0x203d304e41,6,2,2,0,3736,736,1,ff,fb,327,37,31,786
0x200fce0b36,6,2,2,1,2020,182,6,ff,f7,327,55,27,787
0x203d304e41,6,2,2,0,3736,736,1,ff,fb,328,13,58,788
0x202a11dbbe,6,2,2,1,1299,959,6,0,1,328,15,57,789
0x203d304e41,6,2,2,0,3736,736,1,ff,fb,328,19,41,790
0x201f560385,6,2,2,0,4004,56,5,0,4,328,29,58,791
0x201457da3e,6,2,2,1,2599,935,6,0,4,328,30,57,792
0x202a11dbbe,6,2,2,1,1299,959,6,0,1,328,38,12,793
0x201457da3e,6,2,2,1,2599,935,6,0,4,328,38,25,794
0x2031641143,6,2,2,1,2232,272,3,0,2,328,42,32,795
0x203d304e41,6,2,2,0,3736,736,1,ff,fb,328,58,38,796
0x203d304e41,6,2,2,0,3736,736,1,ff,fb,329,13,50,797
0x200fefd1d0,6,2,2,1,2031,794,0,0,2,329,53,38,798
0x201aef0ede,6,2,2,0,3438,235,6,ff,fb,329,56,32,799
0x2031641143,6,2,2,1,2232,272,3,0,2,331,3,12,800
0x202939d7d1,6,2,2,2,1179,890,1,ff,fe,331,27,30,801
0x2031641143,6,2,2,1,2232,272,3,0,2,331,49,15,802
0x201f560385,6,2,2,0,4004,56,5,0,4,332,9,35,803
0x2003f49146,6,2,2,2,489,272,6,0,4,332,15,13,804
0x2010df933c,6,2,2,1,2151,311,4,0,40,334,37,3,805
0x2028ee4d59,6,2,2,0,1148,723,1,ff,fd,335,53,59,806
0x20198b850c,6,2,2,1,3271,81,4,0,80,335,55,59,807
0x203d304e41,6,2,2,0,3736,736,1,ff,fb,336,0,47,808
0x201f560385,6,2,2,0,4004,56,5,0,4,336,3,1,809
0x2013a98ad8,6,2,2,1,2507,171,0,ff,fe,337,51,23,810
0x2028ee4d59,6,2,2,0,1148,723,1,ff,fd,338,35,0,811
0x201457da3e,6,2,2,1,2599,935,6,0,4,338,59,23,812
0x200fefd1d0,6,2,2,1,2031,794,0,0,2,339,37,7,813
0x201457da3e,6,2,2,1,2599,935,6,0,4,339,38,14,814
0x200fefd1d0,6,2,2,1,2031,794,0,0,2,340,54,40,815
0x202a11dbbe,6,2,2,1,1299,959,6,0,1,340,59,44,816
0x203d304e41,6,2,2,0,3736,736,1,ff,fb,342,39,25,817
0x2031641143,6,2,2,1,2232,272,3,0,2,342,47,18,818
0x2003f49146,6,2,2,2,489,272,6,0,4,342,58,30,819
0x2003f49146,6,2,2,2,489,272,6,0,4,343,19,15,820
0x203d304e41,6,2,2,0,3736,736,1,ff,fb,343,42,29,821
0x2036f79bc8,6,2,2,3,2943,441,0,ff,7f,343,54,48,822
0x2036f79bc8,6,2,2,3,2943,441,0,ff,7f,344,7,38,823
0x201f560385,6,2,2,0,4004,56,5,0,4,344,8,38,824
0x201457da3e,6,2,2,1,2599,935,6,0,4,344,24,31,825
0x201457da3e,6,2,2,1,2599,935,6,0,4,345,45,42,826
0x2010df933c,6,2,2,1,2151,311,4,0,40,346,1,24,827
0x200fefd1d0,6,2,2,1,2031,794,0,0,2,346,20,8,828
0x203d304e41,6,2,2,0,3736,736,1,ff,fb,346,38,8,829
0x202a11dbbe,6,2,2,1,1299,959,6,0,1,347,37,23,830
0x200fefd1d0,6,2,2,1,2031,794,0,0,2,348,23,18,831
0x203d304e41,6,2,2,0,3736,736,1,ff,fb,348,38,24,832
0x2010df933c,6,2,2,1,2151,311,4,0,40,349,2,11,833
0x201b6d1ce5,6,2,2,3,3498,460,5,ff,fd,350,18,52,834
0x201b6d1ce5,6,2,2,3,3498,460,5,ff,fd,350,27,52,835
0x201f560385,6,2,2,0,4004,56,5,0,4,350,32,22,836
0x203d304e41,6,2,2,0,3736,736,1,ff,fb,351,24,42,837
0x202939d7d1,6,2,2,2,1179,890,1,ff,fe,352,14,23,838
0x2003f49146,6,2,2,2,489,272,6,0,4,352,24,57,839
0x201aef0ede,6,2,2,0,3438,235,6,ff,fb,353,1,4,840
0x2028ee4d59,6,2,2,0,1148,723,1,ff,fd,353,8,28,841
0x201457da3e,6,2,2,1,2599,935,6,0,4,353,23,5,842
0x2003f49146,6,2,2,2,489,272,6,0,4,353,26,35,843
0x202f57d30c,6,2,2,0,1975,817,4,ff,7f,353,54,1,844
0x200fefd1d0,6,2,2,1,2031,794,0,0,2,354,2,1,845
0x2031641143,6,2,2,1,2232,272,3,0,2,354,36,8,846
0x200fefd1d0,6,2,2,1,2031,794,0,0,2,354,48,32,847
0x201f560385,6,2,2,0,4004,56,5,0,4,354,57,2,848
0x201457da3e,6,2,2,1,2599,935,6,0,4,355,29,29,849
0x200fefd1d0,6,2,2,1,2031,794,0,0,2,355,41,21,850
0x2031641143,6,2,2,1,2232,272,3,0,2,356,39,21,851
0x2028ee4d59,6,2,2,0,1148,723,1,ff,fd,357,4,15,852
0x201f560385,6,2,2,0,4004,56,5,0,4,357,36,18,853
0x2003f49146,6,2,2,2,489,272,6,0,4,357,41,10,854
0x203d304e41,6,2,2,0,3736,736,1,ff,fb,357,43,48,855
0x2010df933c,6,2,2,1,2151,311,4,0,40,358,8,29,856
0x202a11dbbe,6,2,2,1,1299,959,6,0,1,358,46,33,857
0x203d304e41,6,2,2,0,3736,736,1,ff,fb,358,46,49,858
0x201aef0ede,6,2,2,0,3438,235,6,ff,fb,359,30,32,859
0x200fefd1d0,6,2,2,1,2031,794,0,0,2,360,48,45,860
0x200fce0b36,6,2,2,1,2020,182,6,ff,f7,360,50,38,861
0x200fefd1d0,6,2,2,1,2031,794,0,0,2,361,27,44,862
0x2031641143,6,2,2,1,2232,272,3,0,2,361,32,10,863
0x201457da3e,6,2,2,1,2599,935,6,0,4,362,4,41,864
0x200fefd1d0,6,2,2,1,2031,794,0,0,2,362,6,26,865
0x201aef0ede,6,2,2,0,3438,235,6,ff,fb,362,8,53,866
0x201aef0ede,6,2,2,0,3438,235,6,ff,fb,362,26,3,867
0x2003f49146,6,2,2,2,489,272,6,0,4,362,27,10,868
0x203d304e41,6,2,2,0,3736,736,1,ff,fb,362,27,11,869
0x2010df933c,6,2,2,1,2151,311,4,0,40,362,31,20,870
0x2010df933c,6,2,2,1,2151,311,4,0,40,362,43,40,871
0x202a11dbbe,6,2,2,1,1299,959,6,0,1,363,3,2,872
0x201aef0ede,6,2,2,0,3438,235,6,ff,fb,363,30,10,873
0x2013a98ad8,6,2,2,1,2507,171,0,ff,fe,364,2,37,874
0x2010df933c,6,2,2,1,2151,311,4,0,40,364,5,26,875
0x201457da3e,6,2,2,1,2599,935,6,0,4,364,45,25,876
0x2003f49146,6,2,2,2,489,272,6,0,4,364,47,27,877
0x202a11dbbe,6,2,2,1,1299,959,6,0,1,364,51,39,878
0x2031641143,6,2,2,1,2232,272,3,0,2,365,2,12,879
0x2003f49146,6,2,2,2,489,272,6,0,4,365,25,9,880
0x201f560385,6,2,2,0,4004,56,5,0,4,365,57,40,881
0x2036f79bc8,6,2,2,3,2943,441,0,ff,7f,365,58,24,882
0x2003f49146,6,2,2,2,489,272,6,0,4,366,27,25,883
0x201b6d1ce5,6,2,2,3,3498,460,5,ff,fd,366,31,26,884
0x203d304e41,6,2,2,0,3736,736,1,ff,fb,366,52,43,885
0x200fefd1d0,6,2,2,1,2031,794,0,0,2,367,12,34,886
0x201f560385,6,2,2,0,4004,56,5,0,4,367,34,41,887
0x2003f49146,6,2,2,2,489,272,6,0,4,367,44,24,888
0x2028ee4d59,6,2,2,0,1148,723,1,ff,fd,368,8,56,889
0x202a11dbbe,6,2,2,1,1299,959,6,0,1,368,10,5,890
0x2003f49146,6,2,2,2,489,272,6,0,4,368,12,33,891
0x2010df933c,6,2,2,1,2151,311,4,0,40,368,14,17,892
0x202355c53e,6,2,2,0,435,599,6,ff,df,368,18,39,893
0x202a11dbbe,6,2,2,1,1299,959,6,0,1,368,24,52,894
0x2010df933c,6,2,2,1,2151,311,4,0,40,368,29,0,895
0x202a11dbbe,6,2,2,1,1299,959,6,0,1,369,9,19,896
0x2003f49146,6,2,2,2,489,272,6,0,4,369,32,53,897
0x201f560385,6,2,2,0,4004,56,5,0,4,369,59,14,898
0x201aef0ede,6,2,2,0,3438,235,6,ff,fb,370,31,34,899
0x200fefd1d0,6,2,2,1,2031,794,0,0,2,371,31,46,900
0x200fefd1d0,6,2,2,1,2031,794,0,0,2,372,6,34,901
0x203d304e41,6,2,2,0,3736,736,1,ff,fb,372,6,57,902
0x202a11dbbe,6,2,2,1,1299,959,6,0,1,372,35,2,903
0x2036f79bc8,6,2,2,3,2943,441,0,ff,7f,372,44,11,904
0x200fefd1d0,6,2,2,1,2031,794,0,0,2,372,48,19,905
0x201aef0ede,6,2,2,0,3438,235,6,ff,fb,373,27,15,906
0x202a11dbbe,6,2,2,1,1299,959,6,0,1,373,28,50,907
0x201aef0ede,6,2,2,0,3438,235,6,ff,fb,374,32,0,908
0x200fefd1d0,6,2,2,1,2031,794,0,0,2,374,54,48,909
0x200fefd1d0,6,2,2,1,2031,794,0,0,2,375,48,8,910
0x201457da3e,6,2,2,1,2599,935,6,0,4,376,13,4,911
0x201f560385,6,2,2,0,4004,56,5,0,4,377,6,30,912
0x201457da3e,6,2,2,1,2599,935,6,0,4,377,33,44,913
0x2003f49146,6,2,2,2,489,272,6,0,4,378,12,7,914
0x203d304e41,6,2,2,0,3736,736,1,ff,fb,378,53,32,915
0x202a11dbbe,6,2,2,1,1299,959,6,0,1,378,56,22,916
0x201457da3e,6,2,2,1,2599,935,6,0,4,380,9,22,917
0x203d304e41,6,2,2,0,3736,736,1,ff,fb,380,56,29,918
0x2013a98ad8,6,2,2,1,2507,171,0,ff,fe,383,5,41,919
0x202a11dbbe,6,2,2,1,1299,959,6,0,1,383,9,47,920
0x203d304e41,6,2,2,0,3736,736,1,ff,fb,383,55,44,921
0x2010df933c,6,2,2,1,2151,311,4,0,40,384,11,26,922
0x202a11dbbe,6,2,2,1,1299,959,6,0,1,384,39,38,923
0x200fefd1d0,6,2,2,1,2031,794,0,0,2,384,51,42,924
0x201f560385,6,2,2,0,4004,56,5,0,4,385,8,52,925
0x2010df933c,6,2,2,1,2151,311,4,0,40,385,14,14,926
0x2003f49146,6,2,2,2,489,272,6,0,4,385,52,16,927
0x201f560385,6,2,2,0,4004,56,5,0,4,387,5,16,928
0x200fefd1d0,6,2,2,1,2031,794,0,0,2,387,11,15,929
0x201457da3e,6,2,2,1,2599,935,6,0,4,387,15,54,930
0x203d304e41,6,2,2,0,3736,736,1,ff,fb,387,16,23,931
0x202939d7d1,6,2,2,2,1179,890,1,ff,fe,388,6,33,932
0x2031641143,6,2,2,1,2232,272,3,0,2,389,11,32,933
0x201b6d1ce5,6,2,2,3,3498,460,5,ff,fd,389,18,9,934
0x201457da3e,6,2,2,1,2599,935,6,0,4,389,21,33,935
0x201aef0ede,6,2,2,0,3438,235,6,ff,fb,389,38,41,936
0x201b6d1ce5,6,2,2,3,3498,460,5,ff,fd,390,1,13,937
0x202a11dbbe,6,2,2,1,1299,959,6,0,1,390,17,15,938
0x201aef0ede,6,2,2,0,3438,235,6,ff,fb,390,22,2,939
0x2003f49146,6,2,2,2,489,272,6,0,4,390,36,34,940
0x201457da3e,6,2,2,1,2599,935,6,0,4,391,15,35,941
0x202a11dbbe,6,2,2,1,1299,959,6,0,1,392,37,22,942
0x201b6d1ce5,6,2,2,3,3498,460,5,ff,fd,392,39,27,943
0x201457da3e,6,2,2,1,2599,935,6,0,4,393,20,43,944
0x202939d7d1,6,2,2,2,1179,890,1,ff,fe,393,23,48,945
0x201457da3e,6,2,2,1,2599,935,6,0,4,393,54,52,946
0x2010df933c,6,2,2,1,2151,311,4,0,40,394,18,12,947
0x2036f79bc8,6,2,2,3,2943,441,0,ff,7f,395,6,48,948
0x200fefd1d0,6,2,2,1,2031,794,0,0,2,395,16,8,949
0x203d304e41,6,2,2,0,3736,736,1,ff,fb,395,42,46,950
0x201aef0ede,6,2,2,0,3438,235,6,ff,fb,396,16,50,951
0x202939d7d1,6,2,2,2,1179,890,1,ff,fe,396,28,9,952
0x2036f79bc8,6,2,2,3,2943,441,0,ff,7f,396,30,21,953
0x201aef0ede,6,2,2,0,3438,235,6,ff,fb,397,43,11,954
0x202939d7d1,6,2,2,2,1179,890,1,ff,fe,398,6,14,955
0x202355c53e,6,2,2,0,435,599,6,ff,df,398,31,46,956
0x201aef0ede,6,2,2,0,3438,235,6,ff,fb,398,35,58,957
0x201457da3e,6,2,2,1,2599,935,6,0,4,398,57,40,958
0x201b6d1ce5,6,2,2,3,3498,460,5,ff,fd,399,23,0,959
0x2010df933c,6,2,2,1,2151,311,4,0,40,399,55,57,960
0x201f560385,6,2,2,0,4004,56,5,0,4,400,6,19,961
0x2028ee4d59,6,2,2,0,1148,723,1,ff,fd,400,39,15,962
0x201f560385,6,2,2,0,4004,56,5,0,4,400,47,32,963
0x201f560385,6,2,2,0,4004,56,5,0,4,401,8,35,964
0x200fefd1d0,6,2,2,1,2031,794,0,0,2,401,22,9,965
0x2010df933c,6,2,2,1,2151,311,4,0,40,401,25,37,966
0x201aef0ede,6,2,2,0,3438,235,6,ff,fb,401,41,18,967
0x201457da3e,6,2,2,1,2599,935,6,0,4,401,44,29,968
0x2010df933c,6,2,2,1,2151,311,4,0,40,402,3,38,969
0x2031641143,6,2,2,1,2232,272,3,0,2,402,13,17,970
0x203d304e41,6,2,2,0,3736,736,1,ff,fb,402,20,38,971
0x201457da3e,6,2,2,1,2599,935,6,0,4,404,5,20,972
0x203d304e41,6,2,2,0,3736,736,1,ff,fb,405,19,0,973
0x2010df933c,6,2,2,1,2151,311,4,0,40,406,18,21,974
0x201f560385,6,2,2,0,4004,56,5,0,4,406,37,21,975
0x203d304e41,6,2,2,0,3736,736,1,ff,fb,406,38,34,976
0x203d304e41,6,2,2,0,3736,736,1,ff,fb,406,44,25,977
0x2010df933c,6,2,2,1,2151,311,4,0,40,407,3,37,978
0x201457da3e,6,2,2,1,2599,935,6,0,4,408,8,26,979
0x201aef0ede,6,2,2,0,3438,235,6,ff,fb,408,18,50,980
0x201aef0ede,6,2,2,0,3438,235,6,ff,fb,408,24,2,981
0x201aef0ede,6,2,2,0,3438,235,6,ff,fb,408,58,57,982
0x202a11dbbe,6,2,2,1,1299,959,6,0,1,409,0,7,983
0x200fefd1d0,6,2,2,1,2031,794,0,0,2,409,0,16,984
0x202939d7d1,6,2,2,2,1179,890,1,ff,fe,409,16,39,985
0x201457da3e,6,2,2,1,2599,935,6,0,4,410,5,46,986
0x201aef0ede,6,2,2,0,3438,235,6,ff,fb,410,8,34,987
0x202a11dbbe,6,2,2,1,1299,959,6,0,1,411,3,27,988
0x202939d7d1,6,2,2,2,1179,890,1,ff,fe,412,38,50,989
0x202a11dbbe,6,2,2,1,1299,959,6,0,1,414,7,46,990
0x201f560385,6,2,2,0,4004,56,5,0,4,414,33,22,991
0x2010df933c,6,2,2,1,2151,311,4,0,40,414,41,39,992
0x201aef0ede,6,2,2,0,3438,235,6,ff,fb,414,48,40,993
0x2003f49146,6,2,2,2,489,272,6,0,4,415,7,43,994
0x200fce0b36,6,2,2,1,2020,182,6,ff,f7,415,9,33,995
0x201457da3e,6,2,2,1,2599,935,6,0,4,415,46,5,996
0x203d304e41,6,2,2,0,3736,736,1,ff,fb,415,48,42,997
0x202a11dbbe,6,2,2,1,1299,959,6,0,1,416,9,12,998
0x200fce0b36,6,2,2,1,2020,182,6,ff,f7,416,51,14,999
0x201f560385,6,2,2,0,4004,56,5,0,4,417,16,56,1000
0x202a11dbbe,6,2,2,1,1299,959,6,0,1,417,44,55,1001
0x201b6d1ce5,6,2,2,3,3498,460,5,ff,fd,418,6,52,1002
0x2036f79bc8,6,2,2,3,2943,441,0,ff,7f,418,13,42,1003
0x201aef0ede,6,2,2,0,3438,235,6,ff,fb,418,26,52,1004
0x2036f79bc8,6,2,2,3,2943,441,0,ff,7f,418,41,55,1005
0x203d304e41,6,2,2,0,3736,736,1,ff,fb,418,50,39,1006
0x201f560385,6,2,2,0,4004,56,5,0,4,419,1,32,1007
0x201b6d1ce5,6,2,2,3,3498,460,5,ff,fd,419,27,18,1008
0x201457da3e,6,2,2,1,2599,935,6,0,4,419,29,14,1009
0x2010df933c,6,2,2,1,2151,311,4,0,40,419,31,14,1010
0x2036f79bc8,6,2,2,3,2943,441,0,ff,7f,420,13,0,1011
0x201457da3e,6,2,2,1,2599,935,6,0,4,420,51,54,1012
0x202a11dbbe,6,2,2,1,1299,959,6,0,1,421,33,7,1013
0x2036f79bc8,6,2,2,3,2943,441,0,ff,7f,421,40,7,1014
0x2010df933c,6,2,2,1,2151,311,4,0,40,422,5,12,1015
0x200fefd1d0,6,2,2,1,2031,794,0,0,2,422,5,26,1016
0x202a11dbbe,6,2,2,1,1299,959,6,0,1,422,45,21,1017
0x2028ee4d59,6,2,2,0,1148,723,1,ff,fd,422,50,9,1018
0x2031641143,6,2,2,1,2232,272,3,0,2,423,42,27,1019
0x202a11dbbe,6,2,2,1,1299,959,6,0,1,423,47,28,1020
0x203d304e41,6,2,2,0,3736,736,1,ff,fb,424,7,50,1021
0x2028ee4d59,6,2,2,0,1148,723,1,ff,fd,424,30,42,1022
0x200fefd1d0,6,2,2,1,2031,794,0,0,2,424,46,6,1023
0x2036f79bc8,6,2,2,3,2943,441,0,ff,7f,425,37,13,1024
0x200fce0b36,6,2,2,1,2020,182,6,ff,f7,425,52,23,1025
0x203d304e41,6,2,2,0,3736,736,1,ff,fb,426,45,10,1026
0x200fefd1d0,6,2,2,1,2031,794,0,0,2,427,12,8,1027
0x202939d7d1,6,2,2,2,1179,890,1,ff,fe,428,4,32,1028
0x201aef0ede,6,2,2,0,3438,235,6,ff,fb,428,13,41,1029
0x2010df933c,6,2,2,1,2151,311,4,0,40,428,32,34,1030
0x200fce0b36,6,2,2,1,2020,182,6,ff,f7,428,48,2,1031
0x203d304e41,6,2,2,0,3736,736,1,ff,fb,428,52,54,1032
0x201f560385,6,2,2,0,4004,56,5,0,4,429,37,19,1033
0x200fefd1d0,6,2,2,1,2031,794,0,0,2,430,55,16,1034
0x201aef0ede,6,2,2,0,3438,235,6,ff,fb,430,56,18,1035
0x203d304e41,6,2,2,0,3736,736,1,ff,fb,431,54,20,1036
0x201aef0ede,6,2,2,0,3438,235,6,ff,fb,432,30,15,1037
0x2010df933c,6,2,2,1,2151,311,4,0,40,432,48,5,1038
0x201457da3e,6,2,2,1,2599,935,6,0,4,432,50,14,1039
0x202939d7d1,6,2,2,2,1179,890,1,ff,fe,433,0,41,1040
0x202a11dbbe,6,2,2,1,1299,959,6,0,1,433,27,30,1041
0x202a11dbbe,6,2,2,1,1299,959,6,0,1,433,48,17,1042
0x2028ee4d59,6,2,2,0,1148,723,1,ff,fd,433,49,12,1043
0x2003f49146,6,2,2,2,489,272,6,0,4,433,49,56,1044
0x202a11dbbe,6,2,2,1,1299,959,6,0,1,433,53,9,1045
0x203d304e41,6,2,2,0,3736,736,1,ff,fb,433,55,53,1046
0x201b6d1ce5,6,2,2,3,3498,460,5,ff,fd,434,11,0,1047
0x201457da3e,6,2,2,1,2599,935,6,0,4,434,13,23,1048
0x2028ee4d59,6,2,2,0,1148,723,1,ff,fd,434,37,9,1049
0x203d304e41,6,2,2,0,3736,736,1,ff,fb,435,36,30,1050
0x201f560385,6,2,2,0,4004,56,5,0,4,436,3,47,1051
0x2036f79bc8,6,2,2,3,2943,441,0,ff,7f,436,22,32,1052
0x201aef0ede,6,2,2,0,3438,235,6,ff,fb,436,49,13,1053
0x203d304e41,6,2,2,0,3736,736,1,ff,fb,437,12,10,1054
0x203d304e41,6,2,2,0,3736,736,1,ff,fb,437,50,55,1055
0x201aef0ede,6,2,2,0,3438,235,6,ff,fb,437,51,59,1056
0x203d304e41,6,2,2,0,3736,736,1,ff,fb,438,9,21,1057
0x203d304e41,6,2,2,0,3736,736,1,ff,fb,438,14,0,1058
0x202a11dbbe,6,2,2,1,1299,959,6,0,1,438,32,30,1059
0x201f560385,6,2,2,0,4004,56,5,0,4,438,46,2,1060
0x201457da3e,6,2,2,1,2599,935,6,0,4,438,50,15,1061
0x201aef0ede,6,2,2,0,3438,235,6,ff,fb,439,11,21,1062
0x203d304e41,6,2,2,0,3736,736,1,ff,fb,439,11,48,1063
0x200fce0b36,6,2,2,1,2020,182,6,ff,f7,439,51,23,1064
0x202a11dbbe,6,2,2,1,1299,959,6,0,1,440,18,32,1065
0x2028ee4d59,6,2,2,0,1148,723,1,ff,fd,440,54,42,1066
0x200fce0b36,6,2,2,1,2020,182,6,ff,f7,440,57,3,1067
0x201aef0ede,6,2,2,0,3438,235,6,ff,fb,441,34,12,1068
0x203d304e41,6,2,2,0,3736,736,1,ff,fb,441,38,28,1069
0x200fce0b36,6,2,2,1,2020,182,6,ff,f7,441,53,20,1070
0x2003f49146,6,2,2,2,489,272,6,0,4,442,13,14,1071
0x201457da3e,6,2,2,1,2599,935,6,0,4,442,54,8,1072
0x2010df933c,6,2,2,1,2151,311,4,0,40,443,11,14,1073
0x2010df933c,6,2,2,1,2151,311,4,0,40,443,32,35,1074
0x2003f49146,6,2,2,2,489,272,6,0,4,443,33,41,1075
0x201457da3e,6,2,2,1,2599,935,6,0,4,443,33,47,1076
0x2010df933c,6,2,2,1,2151,311,4,0,40,443,53,8,1077
0x202939d7d1,6,2,2,2,1179,890,1,ff,fe,444,10,36,1078
0x202a11dbbe,6,2,2,1,1299,959,6,0,1,444,12,20,1079
0x201457da3e,6,2,2,1,2599,935,6,0,4,444,36,25,1080
0x200fce0b36,6,2,2,1,2020,182,6,ff,f7,444,54,27,1081
0x202a11dbbe,6,2,2,1,1299,959,6,0,1,446,40,57,1082
0x2010df933c,6,2,2,1,2151,311,4,0,40,447,33,25,1083
0x200fefd1d0,6,2,2,1,2031,794,0,0,2,447,53,9,1084
0x202a11dbbe,6,2,2,1,1299,959,6,0,1,448,2,5,1085
0x201f560385,6,2,2,0,4004,56,5,0,4,449,25,35,1086
0x202f39cd4a,6,2,2,2,1947,721,2,0,4,450,2,44,1087
0x202a11dbbe,6,2,2,1,1299,959,6,0,1,450,14,24,1088
0x201f560385,6,2,2,0,4004,56,5,0,4,450,24,27,1089
0x202a11dbbe,6,2,2,1,1299,959,6,0,1,450,41,19,1090
0x2028ee4d59,6,2,2,0,1148,723,1,ff,fd,450,41,25,1091
0x2010df933c,6,2,2,1,2151,311,4,0,40,451,1,10,1092
0x202a11dbbe,6,2,2,1,1299,959,6,0,1,451,1,33,1093
0x202939d7d1,6,2,2,2,1179,890,1,ff,fe,451,24,2,1094
0x201aef0ede,6,2,2,0,3438,235,6,ff,fb,451,42,48,1095
0x2010df933c,6,2,2,1,2151,311,4,0,40,451,54,27,1096
0x2031641143,6,2,2,1,2232,272,3,0,2,452,7,42,1097
0x2036f79bc8,6,2,2,3,2943,441,0,ff,7f,452,30,40,1098
0x201aef0ede,6,2,2,0,3438,235,6,ff,fb,452,56,22,1099
0x202939d7d1,6,2,2,2,1179,890,1,ff,fe,453,27,14,1100
0x201457da3e,6,2,2,1,2599,935,6,0,4,453,59,38,1101
0x2010df933c,6,2,2,1,2151,311,4,0,40,454,20,28,1102
0x200fefd1d0,6,2,2,1,2031,794,0,0,2,454,43,52,1103
0x201f560385,6,2,2,0,4004,56,5,0,4,454,50,46,1104
0x2003f49146,6,2,2,2,489,272,6,0,4,455,4,10,1105
0x2003f49146,6,2,2,2,489,272,6,0,4,456,35,47,1106
0x200fce0b36,6,2,2,1,2020,182,6,ff,f7,456,43,56,1107
0x201aef0ede,6,2,2,0,3438,235,6,ff,fb,456,45,27,1108
0x200fce0b36,6,2,2,1,2020,182,6,ff,f7,457,0,9,1109
0x200fefd1d0,6,2,2,1,2031,794,0,0,2,457,20,24,1110
0x202a11dbbe,6,2,2,1,1299,959,6,0,1,457,20,44,1111
0x202939d7d1,6,2,2,2,1179,890,1,ff,fe,457,35,58,1112
0x201aef0ede,6,2,2,0,3438,235,6,ff,fb,457,42,0,1113
0x200fefd1d0,6,2,2,1,2031,794,0,0,2,457,58,55,1114
0x201aef0ede,6,2,2,0,3438,235,6,ff,fb,458,58,34,1115
0x200fce0b36,6,2,2,1,2020,182,6,ff,f7,459,2,37,1116
0x201f560385,6,2,2,0,4004,56,5,0,4,459,47,36,1117
0x2036f79bc8,6,2,2,3,2943,441,0,ff,7f,460,7,16,1118
0x2013a98ad8,6,2,2,1,2507,171,0,ff,fe,460,35,49,1119
0x200fce0b36,6,2,2,1,2020,182,6,ff,f7,460,46,24,1120
0x2036f79bc8,6,2,2,3,2943,441,0,ff,7f,460,48,25,1121
0x201aef0ede,6,2,2,0,3438,235,6,ff,fb,462,3,12,1122
0x2010df933c,6,2,2,1,2151,311,4,0,40,462,4,39,1123
0x201457da3e,6,2,2,1,2599,935,6,0,4,462,6,19,1124
0x2036f79bc8,6,2,2,3,2943,441,0,ff,7f,462,10,37,1125
0x202a11dbbe,6,2,2,1,1299,959,6,0,1,462,18,15,1126
0x200fce0b36,6,2,2,1,2020,182,6,ff,f7,462,18,33,1127
0x2010df933c,6,2,2,1,2151,311,4,0,40,462,45,11,1128
0x2028ee4d59,6,2,2,0,1148,723,1,ff,fd,462,46,4,1129
0x202f39cd4a,6,2,2,2,1947,721,2,0,4,463,19,7,1130
0x2010df933c,6,2,2,1,2151,311,4,0,40,463,27,4,1131
0x202939d7d1,6,2,2,2,1179,890,1,ff,fe,463,49,19,1132
0x2003f49146,6,2,2,2,489,272,6,0,4,464,5,54,1133
0x201f560385,6,2,2,0,4004,56,5,0,4,464,30,16,1134
0x2010df933c,6,2,2,1,2151,311,4,0,40,464,40,10,1135
0x201aef0ede,6,2,2,0,3438,235,6,ff,fb,465,4,15,1136
0x202a11dbbe,6,2,2,1,1299,959,6,0,1,465,23,30,1137
0x201b6d1ce5,6,2,2,3,3498,460,5,ff,fd,465,26,59,1138
0x200fefd1d0,6,2,2,1,2031,794,0,0,2,465,48,47,1139
0x201f560385,6,2,2,0,4004,56,5,0,4,465,53,18,1140
0x202355c53e,6,2,2,0,435,599,6,ff,df,467,16,58,1141
0x200fce0b36,6,2,2,1,2020,182,6,ff,f7,467,27,8,1142
0x200fefd1d0,6,2,2,1,2031,794,0,0,2,468,46,7,1143
0x2010df933c,6,2,2,1,2151,311,4,0,40,469,7,1,1144
0x203d304e41,6,2,2,0,3736,736,1,ff,fb,469,23,18,1145
0x201aef0ede,6,2,2,0,3438,235,6,ff,fb,469,28,55,1146
0x201f560385,6,2,2,0,4004,56,5,0,4,469,38,50,1147
0x203d304e41,6,2,2,0,3736,736,1,ff,fb,469,50,11,1148
0x2036f79bc8,6,2,2,3,2943,441,0,ff,7f,469,53,0,1149
0x201f560385,6,2,2,0,4004,56,5,0,4,470,51,19,1150
0x2031641143,6,2,2,1,2232,272,3,0,2,471,0,42,1151
0x203d304e41,6,2,2,0,3736,736,1,ff,fb,471,21,27,1152
0x201aef0ede,6,2,2,0,3438,235,6,ff,fb,471,43,23,1153
0x2003f49146,6,2,2,2,489,272,6,0,4,472,23,25,1154
0x2003f49146,6,2,2,2,489,272,6,0,4,474,2,45,1155
0x2010df933c,6,2,2,1,2151,311,4,0,40,474,23,11,1156
0x201f560385,6,2,2,0,4004,56,5,0,4,474,55,23,1157
0x2031641143,6,2,2,1,2232,272,3,0,2,474,56,25,1158
0x2036f79bc8,6,2,2,3,2943,441,0,ff,7f,475,19,3,1159
0x202a11dbbe,6,2,2,1,1299,959,6,0,1,475,26,20,1160
0x200fce0b36,6,2,2,1,2020,182,6,ff,f7,475,26,33,1161
0x203d304e41,6,2,2,0,3736,736,1,ff,fb,475,27,51,1162
0x202a11dbbe,6,2,2,1,1299,959,6,0,1,476,9,44,1163
0x201f560385,6,2,2,0,4004,56,5,0,4,476,19,56,1164
0x2036f79bc8,6,2,2,3,2943,441,0,ff,7f,477,33,35,1165
0x2010df933c,6,2,2,1,2151,311,4,0,40,478,30,13,1166
0x203d304e41,6,2,2,0,3736,736,1,ff,fb,479,32,59,1167
0x201f560385,6,2,2,0,4004,56,5,0,4,479,37,33,1168
0x202a11dbbe,6,2,2,1,1299,959,6,0,1,479,52,59,1169
0x201aef0ede,6,2,2,0,3438,235,6,ff,fb,480,10,46,1170
0x2036f79bc8,6,2,2,3,2943,441,0,ff,7f,480,24,0,1171
0x201457da3e,6,2,2,1,2599,935,6,0,4,480,32,25,1172
0x201f560385,6,2,2,0,4004,56,5,0,4,480,56,45,1173
0x203d304e41,6,2,2,0,3736,736,1,ff,fb,481,28,40,1174
0x202a11dbbe,6,2,2,1,1299,959,6,0,1,481,47,9,1175
0x2013a98ad8,6,2,2,1,2507,171,0,ff,fe,482,18,4,1176
0x201aef0ede,6,2,2,0,3438,235,6,ff,fb,482,25,20,1177
0x2003f49146,6,2,2,2,489,272,6,0,4,482,32,1,1178
0x2036f79bc8,6,2,2,3,2943,441,0,ff,7f,483,24,3,1179
0x2003f49146,6,2,2,2,489,272,6,0,4,483,53,4,1180
0x200fce0b36,6,2,2,1,2020,182,6,ff,f7,483,53,33,1181
0x201457da3e,6,2,2,1,2599,935,6,0,4,484,12,32,1182
0x201457da3e,6,2,2,1,2599,935,6,0,4,484,53,11,1183
0x201457da3e,6,2,2,1,2599,935,6,0,4,485,27,33,1184
0x200fefd1d0,6,2,2,1,2031,794,0,0,2,485,34,56,1185
0x2028ee4d59,6,2,2,0,1148,723,1,ff,fd,486,6,21,1186
0x201b6d1ce5,6,2,2,3,3498,460,5,ff,fd,486,8,25,1187
0x202a11dbbe,6,2,2,1,1299,959,6,0,1,487,26,39,1188
0x201b6d1ce5,6,2,2,3,3498,460,5,ff,fd,487,33,46,1189
0x202a11dbbe,6,2,2,1,1299,959,6,0,1,488,30,38,1190
0x201b6d1ce5,6,2,2,3,3498,460,5,ff,fd,488,55,53,1191
0x202939d7d1,6,2,2,2,1179,890,1,ff,fe,489,1,23,1192
0x203d304e41,6,2,2,0,3736,736,1,ff,fb,489,10,5,1193
0x200fefd1d0,6,2,2,1,2031,794,0,0,2,489,29,16,1194
0x2028ee4d59,6,2,2,0,1148,723,1,ff,fd,489,32,58,1195
0x201aef0ede,6,2,2,0,3438,235,6,ff,fb,490,11,23,1196
0x201457da3e,6,2,2,1,2599,935,6,0,4,490,28,29,1197
0x201b6d1ce5,6,2,2,3,3498,460,5,ff,fd,491,28,9,1198
0x201457da3e,6,2,2,1,2599,935,6,0,4,491,48,51,1199
0x2003f49146,6,2,2,2,489,272,6,0,4,491,51,42,1200
0x201b6d1ce5,6,2,2,3,3498,460,5,ff,fd,491,52,20,1201
0x202a11dbbe,6,2,2,1,1299,959,6,0,1,491,56,11,1202
0x202939d7d1,6,2,2,2,1179,890,1,ff,fe,492,3,1,1203
0x202939d7d1,6,2,2,2,1179,890,1,ff,fe,492,27,42,1204
0x201aef0ede,6,2,2,0,3438,235,6,ff,fb,492,30,25,1205
0x2003f49146,6,2,2,2,489,272,6,0,4,492,48,34,1206
0x202a11dbbe,6,2,2,1,1299,959,6,0,1,492,57,1,1207
0x201aef0ede,6,2,2,0,3438,235,6,ff,fb,493,12,30,1208
0x202a11dbbe,6,2,2,1,1299,959,6,0,1,493,14,38,1209
0x202a11dbbe,6,2,2,1,1299,959,6,0,1,493,16,17,1210
0x203d304e41,6,2,2,0,3736,736,1,ff,fb,493,55,30,1211
0x2010df933c,6,2,2,1,2151,311,4,0,40,494,31,1,1212
0x202a11dbbe,6,2,2,1,1299,959,6,0,1,494,34,17,1213
0x200fefd1d0,6,2,2,1,2031,794,0,0,2,494,36,8,1214
0x201f560385,6,2,2,0,4004,56,5,0,4,494,44,2,1215
0x201457da3e,6,2,2,1,2599,935,6,0,4,494,58,39,1216
0x201b6d1ce5,6,2,2,3,3498,460,5,ff,fd,495,9,50,1217
0x201b6d1ce5,6,2,2,3,3498,460,5,ff,fd,495,16,50,1218
0x201457da3e,6,2,2,1,2599,935,6,0,4,495,34,44,1219
0x202a11dbbe,6,2,2,1,1299,959,6,0,1,495,51,42,1220
0x2013a98ad8,6,2,2,1,2507,171,0,ff,fe,496,43,21,1221
0x2013a98ad8,6,2,2,1,2507,171,0,ff,fe,496,46,30,1222
0x2010df933c,6,2,2,1,2151,311,4,0,40,497,16,24,1223
0x2003f49146,6,2,2,2,489,272,6,0,4,497,16,57,1224
0x201457da3e,6,2,2,1,2599,935,6,0,4,497,35,34,1225
0x203d304e41,6,2,2,0,3736,736,1,ff,fb,497,39,45,1226
0x2010df933c,6,2,2,1,2151,311,4,0,40,498,17,10,1227
0x201f560385,6,2,2,0,4004,56,5,0,4,498,26,2,1228
0x202a11dbbe,6,2,2,1,1299,959,6,0,1,498,35,27,1229
0x202a11dbbe,6,2,2,1,1299,959,6,0,1,499,15,20,1230
0x201457da3e,6,2,2,1,2599,935,6,0,4,499,51,43,1231
0x200fce0b36,6,2,2,1,2020,182,6,ff,f7,499,53,11,1232
0x201457da3e,6,2,2,1,2599,935,6,0,4,499,54,2,1233
0x2010df933c,6,2,2,1,2151,311,4,0,40,500,18,28,1234
0x2031641143,6,2,2,1,2232,272,3,0,2,500,42,45,1235
0x2010df933c,6,2,2,1,2151,311,4,0,40,501,14,7,1236
0x201b6d1ce5,6,2,2,3,3498,460,5,ff,fd,501,20,12,1237
0x201aef0ede,6,2,2,0,3438,235,6,ff,fb,502,55,55,1238
0x201aef0ede,6,2,2,0,3438,235,6,ff,fb,502,59,7,1239
0x2010df933c,6,2,2,1,2151,311,4,0,40,504,2,34,1240
0x200fefd1d0,6,2,2,1,2031,794,0,0,2,505,16,40,1241
0x202a11dbbe,6,2,2,1,1299,959,6,0,1,505,22,28,1242
0x2010df933c,6,2,2,1,2151,311,4,0,40,505,34,37,1243
0x201f560385,6,2,2,0,4004,56,5,0,4,506,5,42,1244
0x201f560385,6,2,2,0,4004,56,5,0,4,506,33,4,1245
0x201f560385,6,2,2,0,4004,56,5,0,4,506,52,11,1246
0x201b6d1ce5,6,2,2,3,3498,460,5,ff,fd,506,56,52,1247
0x203d304e41,6,2,2,0,3736,736,1,ff,fb,506,59,12,1248
0x203d304e41,6,2,2,0,3736,736,1,ff,fb,507,18,50,1249
0x200fce0b36,6,2,2,1,2020,182,6,ff,f7,507,19,25,1250
0x202a11dbbe,6,2,2,1,1299,959,6,0,1,507,59,54,1251
0x2010df933c,6,2,2,1,2151,311,4,0,40,508,43,50,1252
0x202a11dbbe,6,2,2,1,1299,959,6,0,1,508,56,56,1253
0x201b6d1ce5,6,2,2,3,3498,460,5,ff,fd,509,59,0,1254
0x2013a98ad8,6,2,2,1,2507,171,0,ff,fe,510,8,14,1255
0x2013a98ad8,6,2,2,1,2507,171,0,ff,fe,511,8,48,1256
0x201457da3e,6,2,2,1,2599,935,6,0,4,511,58,59,1257
0x201aef0ede,6,2,2,0,3438,235,6,ff,fb,512,3,6,1258
0x2010df933c,6,2,2,1,2151,311,4,0,40,512,23,12,1259
0x200fce0b36,6,2,2,1,2020,182,6,ff,f7,513,17,31,1260
0x201aef0ede,6,2,2,0,3438,235,6,ff,fb,513,20,0,1261
0x20198b850c,6,2,2,1,3271,81,4,0,80,513,58,7,1262
0x201457da3e,6,2,2,1,2599,935,6,0,4,514,1,19,1263
0x2036f79bc8,6,2,2,3,2943,441,0,ff,7f,514,13,40,1264
0x203d304e41,6,2,2,0,3736,736,1,ff,fb,514,17,46,1265
0x2031641143,6,2,2,1,2232,272,3,0,2,514,50,44,1266
0x200fefd1d0,6,2,2,1,2031,794,0,0,2,515,5,48,1267
0x200fce0b36,6,2,2,1,2020,182,6,ff,f7,516,17,36,1268
0x2010df933c,6,2,2,1,2151,311,4,0,40,516,40,47,1269
0x200fce0b36,6,2,2,1,2020,182,6,ff,f7,517,1,42,1270
0x2013a98ad8,6,2,2,1,2507,171,0,ff,fe,517,34,9,1271
0x2003f49146,6,2,2,2,489,272,6,0,4,518,1,49,1272
0x2031641143,6,2,2,1,2232,272,3,0,2,518,15,19,1273
0x2028ee4d59,6,2,2,0,1148,723,1,ff,fd,518,43,40,1274
0x201b6d1ce5,6,2,2,3,3498,460,5,ff,fd,519,5,22,1275
0x2036f79bc8,6,2,2,3,2943,441,0,ff,7f,519,13,21,1276
0x201f560385,6,2,2,0,4004,56,5,0,4,519,33,51,1277
0x2028ee4d59,6,2,2,0,1148,723,1,ff,fd,519,39,1,1278
0x203d304e41,6,2,2,0,3736,736,1,ff,fb,519,40,23,1279
0x201aef0ede,6,2,2,0,3438,235,6,ff,fb,520,3,27,1280
0x200fefd1d0,6,2,2,1,2031,794,0,0,2,520,22,27,1281
0x203d304e41,6,2,2,0,3736,736,1,ff,fb,520,44,8,1282
0x2031641143,6,2,2,1,2232,272,3,0,2,520,54,10,1283
0x202939d7d1,6,2,2,2,1179,890,1,ff,fe,521,11,9,1284
0x2028ee4d59,6,2,2,0,1148,723,1,ff,fd,521,45,1,1285
0x201b6d1ce5,6,2,2,3,3498,460,5,ff,fd,521,47,0,1286
0x203d304e41,6,2,2,0,3736,736,1,ff,fb,522,41,26,1287
0x201aef0ede,6,2,2,0,3438,235,6,ff,fb,522,48,34,1288
0x2028ee4d59,6,2,2,0,1148,723,1,ff,fd,523,1,49,1289
0x203d304e41,6,2,2,0,3736,736,1,ff,fb,523,49,19,1290
0x20198b850c,6,2,2,1,3271,81,4,0,80,524,0,3,1291
0x2010df933c,6,2,2,1,2151,311,4,0,40,524,24,47,1292
0x203d304e41,6,2,2,0,3736,736,1,ff,fb,524,48,31,1293
0x2028ee4d59,6,2,2,0,1148,723,1,ff,fd,525,26,15,1294
0x201457da3e,6,2,2,1,2599,935,6,0,4,526,2,12,1295
0x201aef0ede,6,2,2,0,3438,235,6,ff,fb,526,26,51,1296
0x2010df933c,6,2,2,1,2151,311,4,0,40,526,49,36,1297
0x200fce0b36,6,2,2,1,2020,182,6,ff,f7,527,23,5,1298
0x2013a98ad8,6,2,2,1,2507,171,0,ff,fe,527,32,49,1299
0x200fce0b36,6,2,2,1,2020,182,6,ff,f7,527,43,2,1300
0x2003f49146,6,2,2,2,489,272,6,0,4,527,50,22,1301
0x200fefd1d0,6,2,2,1,2031,794,0,0,2,528,11,7,1302
0x201f560385,6,2,2,0,4004,56,5,0,4,529,39,12,1303
0x2003f49146,6,2,2,2,489,272,6,0,4,529,46,41,1304
0x200fce0b36,6,2,2,1,2020,182,6,ff,f7,530,6,18,1305
0x2028ee4d59,6,2,2,0,1148,723,1,ff,fd,530,10,41,1306
0x2013a98ad8,6,2,2,1,2507,171,0,ff,fe,531,39,49,1307
0x202a11dbbe,6,2,2,1,1299,959,6,0,1,532,5,53,1308
0x201b6d1ce5,6,2,2,3,3498,460,5,ff,fd,532,25,19,1309
0x203d304e41,6,2,2,0,3736,736,1,ff,fb,533,9,21,1310
0x203d304e41,6,2,2,0,3736,736,1,ff,fb,533,11,27,1311
0x2013a98ad8,6,2,2,1,2507,171,0,ff,fe,533,15,56,1312
0x2028ee4d59,6,2,2,0,1148,723,1,ff,fd,533,27,48,1313
0x202939d7d1,6,2,2,2,1179,890,1,ff,fe,533,56,42,1314
0x200fefd1d0,6,2,2,1,2031,794,0,0,2,534,13,20,1315
0x200fefd1d0,6,2,2,1,2031,794,0,0,2,534,31,7,1316
0x200fce0b36,6,2,2,1,2020,182,6,ff,f7,535,6,48,1317
0x2010df933c,6,2,2,1,2151,311,4,0,40,535,13,40,1318
0x202939d7d1,6,2,2,2,1179,890,1,ff,fe,535,20,15,1319
0x200fefd1d0,6,2,2,1,2031,794,0,0,2,535,45,6,1320
0x203d304e41,6,2,2,0,3736,736,1,ff,fb,535,45,41,1321
0x200fefd1d0,6,2,2,1,2031,794,0,0,2,536,28,19,1322
0x202355c53e,6,2,2,0,435,599,6,ff,df,536,55,29,1323
0x202355c53e,6,2,2,0,435,599,6,ff,df,536,59,27,1324
0x202939d7d1,6,2,2,2,1179,890,1,ff,fe,538,4,21,1325
0x203d304e41,6,2,2,0,3736,736,1,ff,fb,539,28,8,1326
0x2010df933c,6,2,2,1,2151,311,4,0,40,539,54,37,1327
0x203d304e41,6,2,2,0,3736,736,1,ff,fb,540,32,10,1328
0x201e7fdcd0,6,2,2,3,3887,970,0,ff,7f,541,1,25,1329
0x203da182c8,6,2,2,3,3803,41,0,0,20,542,31,25,1330
0x200cf4cb75,6,2,2,3,1641,694,5,ff,f7,543,3,47,1331
0x2016cfd58e,6,2,2,0,2919,857,6,ff,df,543,58,34,1332
0x2023479fae,6,2,2,1,439,509,6,0,20,544,27,56,1333
0x200cf4cb75,6,2,2,3,1641,694,5,ff,f7,544,41,13,1334
0x2023479fae,6,2,2,1,439,509,6,0,20,544,55,58,1335
0x2023479fae,6,2,2,1,439,509,6,0,20,545,28,57,1336
0x201e7fdcd0,6,2,2,3,3887,970,0,ff,7f,545,40,24,1337
0x201e7fdcd0,6,2,2,3,3887,970,0,ff,7f,546,1,38,1338
0x2016cfd58e,6,2,2,0,2919,857,6,ff,df,546,21,45,1339
0x203da182c8,6,2,2,3,3803,41,0,0,20,546,48,38,1340
0x2016cfd58e,6,2,2,0,2919,857,6,ff,df,547,6,24,1341
0x20198b850c,6,2,2,1,3271,81,4,0,80,547,31,43,1342
0x200cf4cb75,6,2,2,3,1641,694,5,ff,f7,549,43,28,1343
0x203da182c8,6,2,2,3,3803,41,0,0,20,550,13,43,1344
0x201f560385,6,2,2,0,4004,56,5,0,4,550,28,10,1345
0x20159995ad,6,2,2,0,2755,349,5,0,2,550,38,43,1346
0x200a239cfb,6,2,2,0,1295,463,3,0,40,551,50,55,1347
0x2029cf910e,6,2,2,1,1271,273,6,0,40,553,54,48,1348
0x2023479fae,6,2,2,1,439,509,6,0,20,553,56,15,1349
0x2016cfd58e,6,2,2,0,2919,857,6,ff,df,554,49,40,1350
0x2016cfd58e,6,2,2,0,2919,857,6,ff,df,555,7,18,1351
0x20198b850c,6,2,2,1,3271,81,4,0,80,555,56,37,1352
0x2016cfd58e,6,2,2,0,2919,857,6,ff,df,556,27,46,1353
0x203da182c8,6,2,2,3,3803,41,0,0,20,556,36,18,1354
0x2023479fae,6,2,2,1,439,509,6,0,20,556,40,28,1355
